<?xml version="1.0" encoding="ISO-8859-1"?>
<fmiModelDescription 	fmiVersion="2.0"
						modelName="follow"
						guid="{abb4bff1-d423-4e02-90d9-011f519869ff}"
						description=""
						author="..author name.."
						version="Version 1"
						copyright=""
						license="PVS License"
						generationTool="PVSio-web"
						variableNamingConvention="flat"
						numberOfEventIndicators="0">
	<CoSimulation 	modelIdentifier="caccAlg"
					needsExecutionTool="false"
					canHandleVariableCommunicationStepSize="true"
					canInterpolateInputs="false"
					maxOutputDerivativeOrder="0"
					canRunAsynchronuously="false"
					canBeInstantiatedOnlyOncePerProcess="false"
					canNotUseMemoryManagementFunctions="true"
					canGetAndSetFMUstate="false"
					canSerializeFMUstate="false"
					providesDirectionalDerivative="false">
		</CoSimulation>
	<LogCategories>
		<Category name="logAll" />
		<Category name="logError" />
		<Category name="logFmiCall" />
		<Category name="Protocol" />
		<Category name="Error" />
	</LogCategories>

	<ModelVariables>
		<ScalarVariable name="accel" valueReference="1" causality="output" variability="continuous" ><Real  /></ScalarVariable>
    
		<ScalarVariable name="accel_in" valueReference="2" causality="input" variability="continuous" ><Real start="0" /></ScalarVariable>
    
		<ScalarVariable name="c1" valueReference="3" causality="parameter" variability="fixed"  initial="exact" ><Real start="0.2" /></ScalarVariable>
    
		<ScalarVariable name="ego_speed" valueReference="4" causality="input" variability="continuous" ><Real start="0" /></ScalarVariable>
    
		<ScalarVariable name="ego_x" valueReference="5" causality="input" variability="continuous" ><Real start="0" /></ScalarVariable>
    
		<ScalarVariable name="eps" valueReference="6" causality="parameter" variability="fixed"  initial="exact" ><Real start="0.5" /></ScalarVariable>
    
		<ScalarVariable name="lead_speed" valueReference="7" causality="input" variability="continuous" ><Real start="0" /></ScalarVariable>
    
		<ScalarVariable name="lead_x" valueReference="8" causality="input" variability="continuous" ><Real start="0" /></ScalarVariable>
    
		<ScalarVariable name="omega_n" valueReference="9" causality="parameter" variability="fixed"  initial="exact" ><Real start="0" /></ScalarVariable>
    </ModelVariables>

	<ModelStructure>
	<Outputs>
			<Unknown index="1"  dependencies=""/>
            
	</Outputs>

	</ModelStructure>
</fmiModelDescription>
