{"fmus":{"{FollowingAlgorithm}":"file:////home/student/into-cps-projects/FormalMethodsProject/FMUs/follow.fmu","{LeadingCar}":"file:////home/student/into-cps-projects/FormalMethodsProject/FMUs/LeadCar.fmu","{FollowingCar}":"file:////home/student/into-cps-projects/FormalMethodsProject/FMUs/Simple_car.fmu","{MitmAttackFmu}":"file:////home/student/into-cps-projects/FormalMethodsProject/FMUs/Attack_fmu.fmu"},"connections":{"{FollowingAlgorithm}.FollowingAlgorithmInstance.accel":["{MitmAttackFmu}.MitmAttackFmuInstance.input"],"{MitmAttackFmu}.MitmAttackFmuInstance.output":["{FollowingCar}.FollowingCarInstance.accel"],"{FollowingCar}.FollowingCarInstance.x":["{FollowingAlgorithm}.FollowingAlgorithmInstance.ego_x"],"{FollowingCar}.FollowingCarInstance.speed":["{FollowingAlgorithm}.FollowingAlgorithmInstance.ego_speed"],"{LeadingCar}.LeadingCarInstance.x":["{FollowingAlgorithm}.FollowingAlgorithmInstance.lead_x"],"{LeadingCar}.LeadingCarInstance.speed":["{FollowingAlgorithm}.FollowingAlgorithmInstance.lead_speed"],"{LeadingCar}.LeadingCarInstance.accel":["{FollowingAlgorithm}.FollowingAlgorithmInstance.accel_in"]},"parameters":{"{FollowingAlgorithm}.FollowingAlgorithmInstance.eps":1,"{FollowingAlgorithm}.FollowingAlgorithmInstance.c1":0.5,"{FollowingAlgorithm}.FollowingAlgorithmInstance.omega_n":0.2,"{MitmAttackFmu}.MitmAttackFmuInstance.attack_time":40,"{MitmAttackFmu}.MitmAttackFmuInstance.attack_value":0,"{MitmAttackFmu}.MitmAttackFmuInstance.step_size":0.01,"{FollowingCar}.FollowingCarInstance.x0":0,"{FollowingCar}.FollowingCarInstance.v0":0,"{LeadingCar}.LeadingCarInstance.simple_car.v0":0,"{LeadingCar}.LeadingCarInstance.simple_car.x0":50},"liveGraphColumns":1,"liveGraphVisibleRowCount":1,"logVariables":{},"algorithm":{"type":"fixed-step","size":0.01},"parallelSimulation":true,"stabalizationEnabled":false,"global_absolute_tolerance":0,"global_relative_tolerance":0.01,"simulationProgramDelay":false,"livestream":{"{FollowingCar}.FollowingCarInstance":["x","speed"],"{LeadingCar}.LeadingCarInstance":["x","speed","accel"],"{FollowingAlgorithm}.FollowingAlgorithmInstance":["accel"],"{MitmAttackFmu}.MitmAttackFmuInstance":["output"]}}