{"fmus":{"{LeadingCar}":"file:////home/student/into-cps-projects/leader_and_follower/FormalMethodsProject/FMUs/LeadCar.fmu","{FollowingCar}":"file:////home/student/into-cps-projects/leader_and_follower/FormalMethodsProject/FMUs/Simple_car.fmu","{FollowingAlgorithm}":"file:////home/student/into-cps-projects/leader_and_follower/FormalMethodsProject/FMUs/follow.fmu","{MultiAttack}":"file:////home/student/into-cps-projects/leader_and_follower/FormalMethodsProject/FMUs/MultiStep_MultiAttacks_Fmu.fmu"},"connections":{"{LeadingCar}.LeadingCarInstance.x":["{FollowingAlgorithm}.FollowingAlgorithmInstance.lead_x"],"{LeadingCar}.LeadingCarInstance.speed":["{FollowingAlgorithm}.FollowingAlgorithmInstance.lead_speed"],"{LeadingCar}.LeadingCarInstance.accel":["{FollowingAlgorithm}.FollowingAlgorithmInstance.accel_in"],"{FollowingAlgorithm}.FollowingAlgorithmInstance.accel":["{FollowingCar}.FollowingCarInstance.accel"],"{FollowingCar}.FollowingCarInstance.speed":["{FollowingAlgorithm}.FollowingAlgorithmInstance.ego_speed"],"{FollowingCar}.FollowingCarInstance.x":["{MultiAttack}.MultiAttackInstance.input"],"{MultiAttack}.MultiAttackInstance.output":["{FollowingAlgorithm}.FollowingAlgorithmInstance.ego_x"]},"parameters":{"{LeadingCar}.LeadingCarInstance.simple_car.v0":0,"{LeadingCar}.LeadingCarInstance.simple_car.x0":50,"{FollowingAlgorithm}.FollowingAlgorithmInstance.c1":0.5,"{FollowingAlgorithm}.FollowingAlgorithmInstance.eps":1,"{FollowingAlgorithm}.FollowingAlgorithmInstance.omega_n":0.2,"{FollowingCar}.FollowingCarInstance.v0":0,"{FollowingCar}.FollowingCarInstance.x0":0,"{MultiAttack}.MultiAttackInstance.step_size":0.01,"{MultiAttack}.MultiAttackInstance.attack_distance":5,"{MultiAttack}.MultiAttackInstance.attack_duration":2,"{MultiAttack}.MultiAttackInstance.attack_occurrences":3,"{MultiAttack}.MultiAttackInstance.attack_time":30,"{MultiAttack}.MultiAttackInstance.attack_value":200},"liveGraphColumns":1,"liveGraphVisibleRowCount":1,"logVariables":{},"algorithm":{"type":"fixed-step","size":0.01},"parallelSimulation":false,"stabalizationEnabled":false,"global_absolute_tolerance":0,"global_relative_tolerance":0.01,"simulationProgramDelay":false,"livestream":{"{LeadingCar}.LeadingCarInstance":["accel","speed","x"],"{FollowingAlgorithm}.FollowingAlgorithmInstance":["accel"],"{FollowingCar}.FollowingCarInstance":["speed","x"]}}