{"fmus":{"{FollowingAlgorithm}":"file:////home/student/into-cps-projects/leader_and_follower/FormalMethodsProject/FMUs/follow.fmu","{LeadingCar}":"file:////home/student/into-cps-projects/leader_and_follower/FormalMethodsProject/FMUs/LeadCar.fmu","{FollowingCar}":"file:////home/student/into-cps-projects/leader_and_follower/FormalMethodsProject/FMUs/Simple_car.fmu","{Attack}":"file:////home/student/into-cps-projects/leader_and_follower/FormalMethodsProject/FMUs/Attack_fmu.fmu"},"connections":{"{FollowingAlgorithm}.FollowingAlgorithmInstance.accel":["{FollowingCar}.FollowingCarInstance.accel"],"{FollowingCar}.FollowingCarInstance.x":["{Attack}.AttackInstance.input"],"{FollowingCar}.FollowingCarInstance.speed":["{FollowingAlgorithm}.FollowingAlgorithmInstance.ego_speed"],"{Attack}.AttackInstance.output":["{FollowingAlgorithm}.FollowingAlgorithmInstance.ego_x"],"{LeadingCar}.LeadingCarInstance.x":["{FollowingAlgorithm}.FollowingAlgorithmInstance.lead_x"],"{LeadingCar}.LeadingCarInstance.speed":["{FollowingAlgorithm}.FollowingAlgorithmInstance.lead_speed"],"{LeadingCar}.LeadingCarInstance.accel":["{FollowingAlgorithm}.FollowingAlgorithmInstance.accel_in"]},"parameters":{"{FollowingAlgorithm}.FollowingAlgorithmInstance.eps":1,"{FollowingAlgorithm}.FollowingAlgorithmInstance.c1":0.5,"{FollowingAlgorithm}.FollowingAlgorithmInstance.omega_n":0.2,"{FollowingCar}.FollowingCarInstance.x0":0,"{FollowingCar}.FollowingCarInstance.v0":0,"{Attack}.AttackInstance.attack_time":20,"{Attack}.AttackInstance.step_size":0.01,"{Attack}.AttackInstance.attack_value":150,"{LeadingCar}.LeadingCarInstance.simple_car.v0":0,"{LeadingCar}.LeadingCarInstance.simple_car.x0":50},"liveGraphColumns":1,"liveGraphVisibleRowCount":1,"logVariables":{},"algorithm":{"type":"fixed-step","size":0.01},"parallelSimulation":true,"stabalizationEnabled":false,"global_absolute_tolerance":0,"global_relative_tolerance":0.01,"simulationProgramDelay":false,"livestream":{"{FollowingCar}.FollowingCarInstance":["x","speed"],"{LeadingCar}.LeadingCarInstance":["x","speed","accel"],"{FollowingAlgorithm}.FollowingAlgorithmInstance":["accel"]}}