time,step-size,{FollowingAlgorithm}.FollowingAlgorithmInstance.accel,{FollowingCar}.FollowingCarInstance.speed,{FollowingCar}.FollowingCarInstance.x,{LeadingCar}.LeadingCarInstance.accel,{LeadingCar}.LeadingCarInstance.speed,{LeadingCar}.LeadingCarInstance.x,{MitmAttackFmu}.MitmAttackFmuInstance.output
0.0,0.0,0.0,0.0,0.0,-0.01,0.0,50.0,0.0
0.1,0.1,1.3900001049041748,0.0,0.0,0.027692910893753947,-0.001,50.0,0.0
0.2,0.1,1.427293062210083,0.0,0.0,0.06534862343517606,0.0017692910893753948,49.9999,1.3900001049041748
0.30000000000000004,0.1,1.466052532196045,0.13900001049041752,0.0,0.10292997598221719,0.008304153432893003,50.000076929108936,1.427293062210083
0.4,0.1,1.4506548643112183,0.28172931671142576,0.013900001049041748,0.1403998802771651,0.01859715103111472,50.00090734445222,1.466052532196045
0.5,0.1,1.4346272945404053,0.42833456993103025,0.04207293272018432,0.17772135804827702,0.03263713905883123,50.00276705955533,1.4506548643112183
0.6,0.1,1.417870283126831,0.5734000563621521,0.08490638971328734,0.21485757750286952,0.050409274863658926,50.00603077346121,1.4346272945404053
0.7,0.1,1.4025062322616577,0.7168627858161926,0.14224639534950254,0.251771889675851,0.07189503261394588,50.011071700947575,1.417870283126831
0.7999999999999999,0.1,1.388537883758545,0.8586498141288756,0.21393267393112178,0.28842786459782566,0.09707222158153098,50.01826120420897,1.4025062322616577
0.8999999999999999,0.1,1.3759701251983643,0.9989004373550414,0.2997976553440093,0.32478932724707504,0.12591500804131353,50.027968426367124,1.388537883758545
0.9999999999999999,0.1,1.3647221326828003,1.137754225730896,0.3996876990795134,0.3608203932499368,0.15839394076602104,50.04055992717126,1.3759701251983643
1.0999999999999999,0.1,1.3547112941741943,1.2753512382507324,0.513463121652603,0.39648550429434953,0.19447598009101472,50.05639932124786,1.3647221326828003
1.2,0.1,1.3458530902862549,1.4118234515190125,0.6409982454776764,0.4317494632216135,0.2341245305204497,50.07584691925696,1.3547112941741943
1.3,0.1,1.3380639553070068,1.547294580936432,0.7821805906295778,0.4665774687617367,0.2772994768426111,50.09925937230901,1.3458530902862549
1.4000000000000001,0.1,1.3312625885009766,1.6818798899650576,0.9369100487232211,0.5009351498780872,0.32395722371878477,50.12698931999327,1.3380639553070068
1.5000000000000002,0.1,1.3253693580627441,1.8156862854957583,1.105098037719727,0.5347885996874562,0.37405073870659356,50.15938504236515,1.3312625885009766
1.6000000000000003,0.1,1.3203058242797852,1.9488125443458562,1.286666666269303,0.5681044089220584,0.42752959867533924,50.19679011623581,1.3253693580627441
1.7000000000000004,0.1,1.3159961700439453,2.081349480152131,1.4815479207038886,0.6008496989004456,0.4843400395675451,50.239543076103345,1.3203058242797852
1.8000000000000005,0.1,1.3123657703399658,2.2133800625801094,1.689682868719102,0.6329921539747959,0.5444250094575898,50.2879770800601,1.3159961700439453
1.9000000000000006,0.1,1.3093419075012207,2.344979679584504,1.9110208749771131,0.6645000534225568,0.6077242248550694,50.34241958100586,1.3123657703399658
2.0000000000000004,0.1,1.3068537712097168,2.4762162566185006,2.145518842935563,0.6953423027509679,0.674174230197325,50.40319200349137,1.3093419075012207
2.1000000000000005,0.1,1.3048324584960938,2.607150447368623,2.3931404685974136,0.7254884643835718,0.7437084604724219,50.4706094265111,1.3068537712097168
2.2000000000000006,0.1,1.3032104969024658,2.737835824489595,2.653855513334276,0.7549087876984278,0.8162573069107791,50.54498027255835,1.3048324584960938
2.3000000000000007,0.1,1.3019224405288696,2.8683190703392043,2.9276390957832357,0.7835742383883825,0.891748185680622,50.62660600324943,1.3032104969024658
2.400000000000001,0.1,1.300904631614685,2.998640120029451,3.2144710028171564,0.8114565271144266,0.9701056095194602,50.71578082181749,1.3019224405288696
2.500000000000001,0.1,1.3000953197479248,3.1288323640823377,3.5143350148201016,0.8385281374238572,1.051251262230903,50.81279138276943,1.300904631614685
2.600000000000001,0.1,1.2994340658187866,3.2589228272438064,3.8272182512283357,0.8647623529056939,1.1351040759732887,50.917916508992526,1.3000953197479248
2.700000000000001,0.1,1.2988628149032593,3.388932359218599,4.153110533952717,0.8901332835565516,1.2215803112638581,51.03142691658986,1.2994340658187866
2.800000000000001,0.1,1.2983250617980957,3.5188757658004777,4.492003769874577,0.9146158913309473,1.3105936396195135,51.15358494771625,1.2988628149032593
2.9000000000000012,0.1,1.2977662086486816,3.648762047290804,4.843891346454625,0.9381860148508288,1.4020552287526082,51.2846443116782,1.2983250617980957
3.0000000000000013,0.1,1.297133445739746,3.7785945534706133,5.208767551183706,0.9608203932499372,1.4958738302376913,51.42484983455346,1.2977662086486816
3.1000000000000014,0.1,1.2963755130767822,3.9083711743354814,5.586627006530767,0.9824966891294744,1.591955869562685,51.574437217577234,1.297133445739746
3.2000000000000015,0.1,1.295443058013916,4.038084518909456,5.977464123964316,1.0031935106024183,1.6902055384756325,51.7336328045335,1.2963755130767822
3.3000000000000016,0.1,1.2942886352539062,4.167722070217135,6.381272575855261,1.0228904324047325,1.7905248895358743,51.902653358381066,1.295443058013916
3.4000000000000017,0.1,1.292866826057434,4.297266376018526,6.798044782876975,1.0415680160526366,1.8928139327763476,52.08170584733465,1.2942886352539062
3.5000000000000018,0.1,1.2911335229873657,4.426695239543917,7.2277714204788275,1.0592078290260416,1.9969707343816112,52.270987240612286,1.292866826057434
3.600000000000002,0.1,1.2890466451644897,4.555981922149661,7.67044094443322,1.0757924629592235,2.1028915172842155,52.470684314050445,1.2911335229873657
3.700000000000002,0.1,1.286565899848938,4.685095274448398,8.126039136648187,1.0913055508207776,2.210470763580138,52.68097346577887,1.2890466451644897
3.800000000000002,0.1,1.283652901649475,4.813999938964847,8.594548664093027,1.105731783065902,2.319601318662216,52.90202054213688,1.286565899848938
3.900000000000002,0.1,1.2802711725234985,4.942656528949741,9.075948657989512,1.1190569227450708,2.4301744969688066,53.133980674003105,1.283652901649475
4.000000000000002,0.1,1.2763853073120117,5.071021819114688,9.570214310884484,1.1312678195541845,2.5420801892433134,53.376998123699984,1.2802711725234985
4.100000000000001,0.1,1.2719625234603882,5.199048936367038,10.077316492795951,1.1423524228123318,2.6552069711987314,53.631206142624315,1.2763853073120117
4.200000000000001,0.1,1.266971230506897,5.326687467098238,10.597221386432654,1.1522997933543573,2.769442213479964,53.89672683974419,1.2719625234603882
4.300000000000001,0.1,1.2613821029663086,5.453883719444276,11.129890133142476,1.161100114326497,2.8846721928153993,54.173671061092186,1.266971230506897
4.4,0.1,1.2551668882369995,5.580580842494966,11.675278505086903,1.1687447008744265,3.0007822042480488,54.46213828037372,1.2613821029663086
4.5,0.1,1.2482998371124268,5.7067190527915965,12.233336589336398,1.1752260087141653,3.1176566743354908,54.76221650079852,1.2551668882369995
4.6,0.1,1.2407562732696533,5.832235741615296,12.804008494615555,1.1805376415773732,3.235179275206907,55.07398216823207,1.2482998371124268
4.699999999999999,0.1,1.2325139045715332,5.957065725326538,13.387232068777083,1.184674357523696,3.353233039364644,55.39750009575276,1.2407562732696533
4.799999999999999,0.1,1.2235522270202637,6.081141352653503,13.982938641309735,1.187632074113926,3.471700475117013,55.732823399689224,1.2325139045715332
4.899999999999999,0.1,1.2138512134552002,6.204392743110656,14.591052776575083,1.1894078724388777,3.590463682528405,56.07999344720093,1.2235522270202637
4.999999999999998,0.1,1.203393816947937,6.326747965812682,15.211492050886147,1.19,3.7094044697722923,56.43903981545377,1.2138512134552002
5.099999999999998,0.1,1.1921647787094116,6.448133087158202,15.844166847467413,1.189407872438878,3.828404469772292,56.809980262431,1.203393816947937
5.1999999999999975,0.1,1.180148959159851,6.568472468852995,16.48898015618323,1.187632074113926,3.9473452570161793,57.192820709408224,1.1921647787094116
5.299999999999997,0.1,1.167335033416748,6.687688946723936,17.14582740306853,1.184674357523696,4.066108464427572,57.58755523510984,1.180148959159851
5.399999999999997,0.1,1.153711199760437,6.805703842639921,17.81459629774092,1.1805376415773736,4.184575900179941,57.99416608155259,1.167335033416748
5.4999999999999964,0.1,1.1392695903778076,6.922437345981595,18.49516668200491,1.1752260087141655,4.302629664337678,58.412623671570586,1.153711199760437
5.599999999999996,0.1,1.1240012645721436,7.037808465957638,19.18741041660307,1.1687447008744267,4.420152265209094,58.84288663800435,1.1392695903778076
5.699999999999996,0.1,1.1079013347625732,7.151735424995418,19.89119126319883,1.1611001143264972,4.537026735296536,59.28490186452526,1.1240012645721436
5.799999999999995,0.1,1.0909650325775146,7.264135551452632,20.60636480569837,1.1522997933543577,4.653136746729185,59.738604538054915,1.1079013347625732
5.899999999999995,0.1,1.0731899738311768,7.374925684928889,21.33277836084363,1.142352422812332,4.76836672606462,60.203918212727835,1.0909650325775146
5.999999999999995,0.1,1.0545744895935059,7.48402218818664,22.070270929336516,1.131267819554185,4.8826019683458535,60.680754885334295,1.0731899738311768
6.099999999999994,0.1,1.0351190567016602,7.591341185569758,22.818673148155177,1.1190569227450713,4.9957287503012715,61.169015082168876,1.0545744895935059
6.199999999999994,0.1,1.0148258209228516,7.696798634529108,23.57780726671215,1.1057317830659026,5.107634442575778,61.668587957199,1.0351190567016602
6.299999999999994,0.1,0.9936973452568054,7.800310540199273,24.347487130165057,1.0913055508207783,5.218207620882367,62.17935140145658,1.0148258209228516
6.399999999999993,0.1,0.9717389345169067,7.901793122291558,25.127518184184982,1.0757924629592246,5.327338175964445,62.70117216354481,0.9936973452568054
6.499999999999993,0.1,0.9489567279815674,8.001162856817238,25.917697496414135,1.0592078290260427,5.434917422260367,63.233905981141255,0.9717389345169067
6.5999999999999925,0.1,0.9253581166267395,8.09833675026893,26.717813782095856,1.0415680160526377,5.540838205162971,63.77739772336729,0.9489567279815674
6.699999999999992,0.1,0.9009518623352051,8.193232423067085,27.527647457122747,1.0228904324047339,5.644995006768235,64.33148154388358,0.9253581166267395
6.799999999999992,0.1,0.875748872756958,8.285768234729758,28.346970699429452,1.00319351060242,5.747284050008708,64.8959810445604,0.9009518623352051
6.8999999999999915,0.1,0.8497601747512817,8.37586342096328,29.175547522902423,0.9824966891294759,5.84760340106895,65.47070944956127,0.875748872756958
6.999999999999991,0.1,0.8229994177818298,8.463438308238974,30.01313386499875,0.9608203932499387,5.945853069981897,66.05546978966817,0.8497601747512817
7.099999999999991,0.1,0.7954800128936768,8.548414325714102,30.859477695822644,0.9381860148508305,6.041935109306891,66.65005509666635,0.8229994177818298
7.19999999999999,0.1,0.7672173976898193,8.630714267492285,31.714319128394052,0.9146158913309494,6.135753710791974,67.25424860759703,0.7954800128936768
7.29999999999999,0.1,0.7382288575172424,8.710262268781653,32.577390555143275,0.890133283556554,6.227215299925069,67.86782397867623,0.7672173976898193
7.39999999999999,0.1,0.7085317373275757,8.786984008550634,33.44841678202144,0.8647623529056966,6.316228628280724,68.49054550866873,0.7382288575172424
7.499999999999989,0.1,0.6781453490257263,8.860806894302359,34.3271151828765,0.8385281374238601,6.4027048635712935,69.1221683714968,0.7085317373275757
7.599999999999989,0.1,0.6470897197723389,8.931660068035116,35.21319587230673,0.8114565271144294,6.486557677313679,69.76243885785392,0.6781453490257263
7.699999999999989,0.1,0.6153852343559265,8.999474602937688,36.10636187911024,0.7835742383883854,6.567703330025122,70.41109462558529,0.6470897197723389
7.799999999999988,0.1,0.5830550789833069,9.064183574914923,37.006309339404005,0.7549087876984312,6.64606075386396,71.0678649585878,0.6153852343559265
7.899999999999988,0.1,0.550122082233429,9.125722098350515,37.912727696895494,0.7254884643835755,6.721551632633803,71.73247103397419,0.5830550789833069
7.999999999999988,0.1,0.5166099071502686,9.184027606248845,38.82529990673054,0.6953423027509718,6.79410047907216,72.40462619723758,0.550122082233429
8.099999999999987,0.1,0.4825444221496582,9.239039814472187,39.74370266735542,0.6645000534225609,6.863634709347257,73.08403624514479,0.5166099071502686
8.199999999999987,0.1,0.44795161485671997,9.290700805187214,40.66760664880264,0.6329921539747999,6.930084714689513,73.77039971607951,0.4825444221496582
8.299999999999986,0.1,0.4128574728965759,9.338955247402179,41.59667672932136,0.6008496989004498,6.993383930086993,74.46340818754845,0.44795161485671997
8.399999999999986,0.1,0.37729066610336304,9.38375040888785,42.530572254061575,0.5681044089220629,7.053468899977037,75.16274658055715,0.4128574728965759
8.499999999999986,0.1,0.3412790894508362,9.425036156177509,43.468947294950354,0.534788599687461,7.110279340869243,75.86809347055485,0.37729066610336304
8.599999999999985,0.1,0.304851770401001,9.462765222787844,44.4114509105681,0.5009351498780923,7.163758200837989,76.57912140464178,0.3412790894508362
8.699999999999985,0.1,0.26803913712501526,9.496893131732929,45.35772743284688,0.4665774687617421,7.213851715825799,77.29549722472558,0.304851770401001
8.799999999999985,0.1,0.2308717966079712,9.527378308773029,46.307416746020166,0.4317494632216192,7.260509462701973,78.01688239630816,0.26803913712501526
8.899999999999984,0.1,0.19338080286979675,9.554182222485531,47.26015457689746,0.3964855042943551,7.303684409024134,78.74293334257835,0.2308717966079712
8.999999999999984,0.1,0.15559762716293335,9.577269402146328,48.21557279914601,0.3608203932499426,7.343332959453569,79.47330178348076,0.19338080286979675
9.099999999999984,0.1,0.11755502223968506,9.596607482433308,49.17329973936064,0.32478932724708104,7.3794149987785636,80.20763507942611,0.15559762716293335
9.199999999999983,0.1,0.07928591966629028,9.612167245149601,50.13296048760397,0.288427864597832,7.411893931503272,80.94557657930396,0.11755502223968506
9.299999999999983,0.1,0.040823161602020264,9.62392274737357,51.09417721211892,0.2517718896758575,7.440736717963055,81.68676597245428,0.07928591966629028
9.399999999999983,0.1,0.0022013187408447266,9.631851339340198,52.056569486856276,0.21485757750287626,7.46591390693064,82.43083964425058,0.040823161602020264
9.499999999999982,0.1,-0.03654646873474121,9.6359336555004,53.019754620790295,0.177721358048284,7.487399664680928,83.17743103494364,0.0022013187408447266
9.599999999999982,0.1,-0.0753854513168335,9.636153787374484,53.983347986340334,0.1403998802771718,7.505171800485757,83.92617100141173,-0.03654646873474121
9.699999999999982,0.1,-0.11428022384643555,9.63249914050101,54.94696336507778,0.10292997598222411,7.5192117885134735,84.6766881814603,-0.0753854513168335
9.799999999999981,0.1,-0.1531957983970642,9.624960595369325,55.91021327912787,0.06534862343518322,7.529504786111696,85.42860936031165,-0.11428022384643555
9.89999999999998,0.1,-0.19209784269332886,9.613532572984681,56.872709338664805,0.027692910893761344,7.536039648455215,86.18155983892282,-0.1531957983970642
9.99999999999998,0.1,-0.23095053434371948,9.598212993144974,57.83406259596327,-0.009999999999992392,7.538808939544591,86.93516380376835,-0.19209784269332886
10.09999999999998,0.1,-0.2697176933288574,9.579003208875642,58.79388389527776,-0.04769291089374613,7.5378089395445915,87.6890446977228,-0.23095053434371948
10.19999999999998,0.1,-0.3083643317222595,9.555908155441271,59.75178421616532,-0.08534862343516803,7.533039648455217,88.44282559167726,-0.2697176933288574
10.29999999999998,0.1,-0.34685444831848145,9.528936386108386,60.70737503170945,-0.12292997598220949,7.5245047861117005,89.19612955652278,-0.3083643317222595
10.399999999999979,0.1,-0.38515257835388184,9.49809995293616,61.660268670320285,-0.1603998802771572,7.512211788513479,89.94858003513394,-0.34685444831848145
10.499999999999979,0.1,-0.4232228398323059,9.463414508104313,62.6100786656139,-0.19772135804826899,7.496171800485763,90.69980121398528,-0.38515257835388184
10.599999999999978,0.1,-0.46102941036224365,9.424899250268924,63.55642011642433,-0.23485757750286132,7.476399664680937,91.44941839403386,-0.4232228398323059
10.699999999999978,0.1,-0.4985373616218567,9.382576966285693,64.49891004145121,-0.2717718896758427,7.452913906930651,92.19705836050194,-0.46102941036224365
10.799999999999978,0.1,-0.5357111096382141,9.33647402524947,65.43716773807978,-0.30842786459781724,7.425736717963067,92.94234975119501,-0.4985373616218567
10.899999999999977,0.1,-0.5725153684616089,9.286620289087283,66.37081514060472,-0.34478932724706696,7.394893931503286,93.68492342299132,-0.5357111096382141
10.999999999999977,0.1,-0.6089153289794922,9.233049178123462,67.29947716951344,-0.3808203932499286,7.360414998778579,94.42441281614164,-0.5725153684616089
11.099999999999977,0.1,-0.6448765993118286,9.1757976412773,68.22278208732578,-0.4164855042943412,7.322332959453587,95.1604543160195,-0.6089153289794922
11.199999999999976,0.1,-0.6803643107414246,9.114906108379351,69.1403618514535,-0.45174946322160503,7.280684409024153,95.89268761196485,-0.6448765993118286
11.299999999999976,0.1,-0.7153455018997192,9.050418448448168,70.05185246229144,-0.48657746876172814,7.235509462701993,96.62075605286726,-0.6803643107414246
11.399999999999975,0.1,-0.7497848272323608,8.982382017374025,70.95689430713625,-0.5209351498780785,7.18685171582582,97.34430699913746,-0.7153455018997192
11.499999999999975,0.1,-0.7836507558822632,8.910847467184054,71.85513250887365,-0.5547885996874474,7.134758200838013,98.06299217072004,-0.7497848272323608
11.599999999999975,0.1,-0.816909909248352,8.835868984460818,72.74621725559206,-0.5881044089220501,7.0792793408692685,98.77646799080384,-0.7836507558822632
11.699999999999974,0.1,-0.8495302200317383,8.757503908872593,73.62980415403814,-0.6208496989004372,7.020468899977064,99.48439592489076,-0.816909909248352
11.799999999999974,0.1,-0.8814798593521118,8.675812917947757,74.5055545449254,-0.6529921539747876,6.95838393008702,100.18644281488847,-0.8495302200317383
11.899999999999974,0.1,-0.9127281904220581,8.590859895944584,75.37313583672018,-0.6845000534225484,6.893084714689541,100.88228120789717,-0.8814798593521118
11.999999999999973,0.1,-0.9432448744773865,8.502711910009374,76.23222182631464,-0.7153423027509593,6.824634709347286,101.57158967936611,-0.9127281904220581
12.099999999999973,0.1,-0.972998857498169,8.41143909096717,77.08249301731557,-0.7454884643835635,6.753100479072191,102.25405315030083,-0.9432448744773865
12.199999999999973,0.1,-1.0019617080688477,8.317114603519432,77.92363692641229,-0.7749087876984194,6.678551632633835,102.92936319820805,-0.972998857498169
12.299999999999972,0.1,-1.0301051139831543,8.219814717769616,78.75534838676423,-0.8035742383883745,6.601060753863993,103.59721836147143,-1.0019617080688477
12.399999999999972,0.1,-1.0574007034301758,8.119618546962732,79.57732985854119,-0.8314565271144186,6.520703330025156,104.25732443685783,-1.0301051139831543
12.499999999999972,0.1,-1.0838228464126587,8.016608035564417,80.38929171323745,-0.8585281374238494,6.437557677313714,104.90939476986034,-1.0574007034301758
12.599999999999971,0.1,-1.109344244003296,7.910867965221399,81.1909525167939,-0.8847623529056863,6.35170486357133,105.5531505375917,-1.0838228464126587
12.69999999999997,0.1,-1.1339397430419922,7.8024856805801335,81.98203931331604,-0.910133283556544,6.263228628280761,106.18832102394883,-1.109344244003296
12.79999999999997,0.1,-1.1575846672058105,7.691551256179804,82.76228788137405,-0.9346158913309397,6.172215299925107,106.8146438867769,-1.1339397430419922
12.89999999999997,0.1,-1.1802560091018677,7.5781572818756056,83.53144300699202,-0.9581860148508212,6.0787537107920135,107.43186541676941,-1.1575846672058105
12.99999999999997,0.1,-1.2019306421279907,7.462398815155025,84.28925873517957,-0.9808203932499299,5.982935109306932,108.03974078784861,-1.1802560091018677
13.09999999999997,0.1,-1.222586750984192,7.344373214244838,85.03549861669507,-1.0024966891294673,5.884853069981939,108.6380342987793,-1.2019306421279907
13.199999999999969,0.1,-1.2422034740447998,7.224180150032039,85.76993593811954,-1.0231935106024115,5.784603401068993,109.2265196057775,-1.222586750984192
13.299999999999969,0.1,-1.26076078414917,7.10192147493362,86.49235395312274,-1.0428904324047266,5.682284050008752,109.8049799458844,-1.2422034740447998
13.399999999999968,0.1,-1.2782405614852905,6.977701127529141,87.2025461006161,-1.0615680160526306,5.57799500676828,110.37320835088526,-1.26076078414917
13.499999999999968,0.1,-1.2946240901947021,6.851625049114224,87.90031621336901,-1.079207829026036,5.471838205163017,110.93100785156209,-1.2782405614852905
13.599999999999968,0.1,-1.3098948001861572,6.723800992965695,88.58547871828043,-1.0957924629592182,5.363917422260414,111.47819167207838,-1.2946240901947021
13.699999999999967,0.1,-1.3240373134613037,6.594338583946225,89.25785881757699,-1.1113055508207723,5.2543381759644925,112.01458341430443,-1.3098948001861572
13.799999999999967,0.1,-1.3370368480682373,6.46334910392761,89.91729267597161,-1.125731783065897,5.143207620882416,112.54001723190088,-1.3240373134613037
13.899999999999967,0.1,-1.348879337310791,6.33094537258148,90.56362758636436,-1.1390569227450662,5.030634442575827,113.05433799398912,-1.3370368480682373
13.999999999999966,0.1,-1.3595530986785889,6.197241687774657,91.19672212362251,-1.1512678195541801,4.916728750301321,113.5574014382467,-1.348879337310791
14.099999999999966,0.1,-1.3690457344055176,6.062353754043579,91.81644629239997,-1.1623524228123279,4.801601968345903,114.04907431327683,-1.3595530986785889
14.199999999999966,0.1,-1.3773480653762817,5.92639844417572,92.42268166780433,-1.172299793354354,4.685366726064671,114.52923451011142,-1.3690457344055176
14.299999999999965,0.1,-1.3844504356384277,5.789493870735169,93.0153215122219,-1.1811001143264939,4.568136746729236,114.99777118271788,-1.3773480653762817
14.399999999999965,0.1,-1.3903448581695557,5.651759064197541,93.59427089929542,-1.1887447008744239,4.4500267352965865,115.4545848573908,-1.3844504356384277
14.499999999999964,0.1,-1.3950251340866089,5.513314020633699,94.15944680571518,-1.195226008714163,4.331152265209145,115.89958753092046,-1.3903448581695557
14.599999999999964,0.1,-1.3984849452972412,5.374279534816743,94.71077820777855,-1.2005376415773716,4.211629664337729,116.33270275744137,-1.3950251340866089
14.699999999999964,0.1,-1.4007205963134766,5.234777021408083,95.24820616126021,-1.2046743575236947,4.0915759001799925,116.75386572387514,-1.3984849452972412
14.799999999999963,0.1,-1.4017281532287598,5.094928526878359,95.77168386340102,-1.207632074113925,3.9711084644276236,117.16302331389313,-1.4007205963134766
14.899999999999963,0.1,-1.4015064239501953,4.954856467247012,96.28117671608885,-1.2094078724388773,3.8503452570162313,117.56013416033589,-1.4017281532287598
14.999999999999963,0.1,-1.400053858757019,4.8146836519241365,96.77666236281355,-1.21,3.729404469772344,117.94516868603752,-1.4015064239501953
15.099999999999962,0.1,-1.397371530532837,4.674533009529117,97.25813072800597,-1.2094078724388784,3.6084044697723443,118.31810913301476,-1.400053858757019
15.199999999999962,0.1,-1.3934602737426758,4.534527623653416,97.72558402895888,-1.2076320741139268,3.487463682528457,118.678949579992,-1.397371530532837
15.299999999999962,0.1,-1.388323187828064,4.394790470600133,98.17903679132422,-1.2046743575236973,3.3667004751170646,119.02769594824484,-1.3934602737426758
15.399999999999961,0.1,-1.3819643259048462,4.255444443225866,98.61851583838424,-1.2005376415773752,3.246233039364695,119.36436599575654,-1.388323187828064
15.499999999999961,0.1,-1.374388337135315,4.116612124443059,99.04406028270682,-1.1952260087141675,3.126179275206958,119.688989299693,-1.3819643259048462
15.59999999999996,0.1,-1.365601897239685,3.9784156918525753,99.45572149515112,-1.1887447008744292,3.0066566743355416,120.0016072272137,-1.374388337135315
15.69999999999996,0.1,-1.3556127548217773,3.840976858139044,99.85356306433638,-1.1811001143265003,2.887782204248099,120.30227289464725,-1.365601897239685
15.79999999999996,0.1,-1.3444294929504395,3.7044166684150763,100.23766075015028,-1.1722997933543613,2.7696721928154493,120.59105111507205,-1.3556127548217773
15.89999999999996,0.1,-1.3320622444152832,3.568855392932899,100.60810241699178,-1.162352422812336,2.6524422134800134,120.8680183343536,-1.3444294929504395
15.99999999999996,0.1,-1.3185209035873413,3.434412443637856,100.96498795628507,-1.151267819554189,2.53620697119878,121.13326255570159,-1.3320622444152832
16.09999999999996,0.1,-1.303818941116333,3.301206219196328,101.30842920064886,-1.1390569227450758,2.4210801892433613,121.38688325282146,-1.3185209035873413
16.19999999999996,0.1,-1.2879688739776611,3.169354128837592,101.63854982256849,-1.1257317830659075,2.307174496968852,121.6289912717458,-1.303818941116333
16.29999999999996,0.1,-1.2709861993789673,3.0389722347259567,101.95548523545226,-1.1113055508207832,2.1946013186622597,121.85970872144269,-1.2879688739776611
16.399999999999963,0.1,-1.252884864807129,2.9101753473281886,102.25938245892486,-1.0957924629592293,2.0834707635801797,122.07916885330891,-1.2709861993789673
16.499999999999964,0.1,-1.2336827516555786,2.78307672739029,102.55039999365768,-1.0792078290260478,1.9738915172842553,122.28751592966694,-1.252884864807129
16.599999999999966,0.1,-1.2133972644805908,2.6577882409095754,102.82870766639671,-1.0615680160526426,1.865970734381649,122.48490508139537,-1.2336827516555786
16.699999999999967,0.1,-1.1920472383499146,2.5344199657440156,103.09448649048767,-1.0428904324047386,1.759813932776383,122.67150215483353,-1.2133972644805908
16.79999999999997,0.1,-1.1696524620056152,2.413080239295955,103.34792848706208,-1.0231935106024241,1.6555248895359078,122.84748354811117,-1.1920472383499146
16.89999999999997,0.1,-1.1462337970733643,2.293875515460962,103.58923651099168,-1.0024966891294809,1.553205538475664,123.01303603706477,-1.1696524620056152
16.99999999999997,0.1,-1.1218124628067017,2.1769102692603988,103.81862406253778,-0.9808203932499433,1.4529558695627145,123.16835659091234,-1.1462337970733643
17.099999999999973,0.1,-1.0964128971099854,2.062286889553061,104.03631508946383,-0.9581860148508345,1.3548738302377188,123.31365217786862,-1.1218124628067017
17.199999999999974,0.1,-1.07005774974823,1.950105643272389,104.24254377841913,-0.9346158913309536,1.259055228752634,123.44913956089239,-1.0964128971099854
17.299999999999976,0.1,-1.0427721738815308,1.840464353561389,104.43755434274638,-0.9101332835565576,1.1655936396195372,123.57504508376766,-1.07005774974823
17.399999999999977,0.1,-1.0145820379257202,1.7334585785865644,104.62160077810252,-0.8847623529056997,1.07458031126388,123.69160444772962,-1.0427721738815308
17.49999999999998,0.1,-0.9855133295059204,1.6291813611984098,104.79494663596118,-0.8585281374238632,0.9861040759733088,123.799062478856,-1.0145820379257202
17.59999999999998,0.1,-0.9555941820144653,1.5277231574058363,104.95786477208102,-0.8314565271144322,0.9002512622309213,123.89767288645334,-0.9855133295059204
17.69999999999998,0.1,-0.9248529076576233,1.429171824455243,105.11063708782162,-0.8035742383883875,0.817105609519477,123.98769801267643,-0.9555941820144653
17.799999999999983,0.1,-0.8933180570602417,1.333612406253795,105.25355427026714,-0.7749087876984325,0.736748185680637,124.06940857362838,-0.9248529076576233
17.899999999999984,0.1,-0.8610202074050903,1.2411271154880315,105.38691551089252,-0.7454884643835769,0.6592573069107927,124.14308339219644,-0.8933180570602417
17.999999999999986,0.1,-0.8279898166656494,1.151795309782006,105.51102822244133,-0.7153423027509723,0.584708460472434,124.20900912288752,-0.8610202074050903
18.099999999999987,0.1,-0.7942577600479126,1.0656932890414956,105.62620775341952,-0.6845000534225607,0.5131742301973357,124.26747996893477,-0.8279898166656494
18.19999999999999,0.1,-0.7598567008972168,0.9828943073749296,105.73277708232368,-0.6529921539748001,0.4447242248550786,124.3187973919545,-0.7942577600479126
18.29999999999999,0.1,-0.7248196601867676,0.9034685313701372,105.83106651306117,-0.620849698900449,0.37942500945759766,124.36326981444002,-0.7598567008972168
18.39999999999999,0.1,-0.689179003238678,0.8274828612804144,105.9214133661982,-0.5881044089220612,0.31734003956755186,124.40121231538578,-0.7248196601867676
18.499999999999993,0.1,-0.6529693603515625,0.7550008952617366,106.00416165232623,-0.5547885996874592,0.2585295986753449,124.43294631934253,-0.689179003238678
18.599999999999994,0.1,-0.6162256598472595,0.6860829949378678,106.0796617418524,-0.5209351498780895,0.2030507387065982,124.45879927921007,-0.6529693603515625
18.699999999999996,0.1,-0.5789823532104492,0.6207860589027107,106.1482700413462,-0.48657746876173835,0.1509572237187885,124.47910435308073,-0.6162256598472595
18.799999999999997,0.1,-0.541275680065155,0.5591634929179838,106.21034864723647,-0.4517494632216144,0.10229947684261398,124.49420007545261,-0.5789823532104492
18.9,0.1,-0.5031409859657288,0.5012652575969381,106.26626499652828,-0.4164855042943507,0.0571245305204519,124.50443002313688,-0.541275680065155
19.0,0.1,-0.4646151065826416,0.44713768959042177,106.31639152228797,-0.38082039324993716,0.015475980091016237,124.51014247618892,-0.5031409859657288
19.1,0.1,-0.42573508620262146,0.3968235909938482,106.36110529124701,-0.3447893272470745,-0.022606059233978022,124.51169007419801,-0.4646151065826416
19.200000000000003,0.1,-0.38653793931007385,0.35036208033558336,106.4007876503464,-0.3084278645978254,-0.057084991958685966,124.50942946827462,-0.42573508620262146
19.300000000000004,0.1,-0.34706100821495056,0.3077885717153206,106.43582385837996,-0.27177188967584986,-0.08792777841846894,124.50372096907876,-0.38653793931007385
19.400000000000006,0.1,-0.3073423504829407,0.26913477778431266,106.46660271555149,-0.23485757750286754,-0.11510496738605432,124.49492819123691,-0.34706100821495056
19.500000000000007,0.1,-0.2674206793308258,0.2344286769628171,106.49351619332992,-0.19772135804827418,-0.1385907251363414,124.4834176944983,-0.3073423504829407
19.60000000000001,0.1,-0.22733284533023834,0.2036944419145226,106.5169590610262,-0.16039988027716243,-0.1583628609411691,124.46955862198466,-0.2674206793308258
19.70000000000001,0.1,-0.18711888790130615,0.17695237398143965,106.53732850521766,-0.12292997598221363,-0.17440284896888558,124.45372233589055,-0.22733284533023834
19.80000000000001,0.1,-0.14681649208068848,0.1542190894484155,106.5550237426158,-0.08534862343517166,-0.1866958465671071,124.43628205099365,-0.18711888790130615
19.900000000000013,0.1,-0.10646436363458633,0.13550720065828462,106.57044565156065,-0.047692910893749774,-0.19523070891062438,124.41761246633695,-0.14681649208068848
20.000000000000014,0.1,-0.0661013275384903,0.12082555145021556,106.58399637162647,-0.009999999999994964,-0.19999999999999943,124.39808939544588,-0.10646436363458633
20.100000000000016,0.1,-0.025766737759113312,0.11017911508675678,106.5960789267715,0.02769291089375983,-0.20099999999999893,124.37808939544588,-0.0661013275384903
20.200000000000017,0.1,0.014501795172691345,0.10356898233290765,106.60709683828017,0.06534862343518172,-0.19823070891062292,124.35798939544588,-0.025766737759113312
20.30000000000002,0.1,0.054664455354213715,0.10099230855699629,106.61745373651347,0.10292997598222367,-0.19169584656710464,124.33816632455482,0.014501795172691345
20.40000000000002,0.1,0.09468316286802292,0.10244248807426544,106.62755296736917,0.1403998802771724,-0.18140284896888212,124.31899673989811,0.054664455354213715
20.50000000000002,0.1,0.1345195174217224,0.10790893360968688,106.6377972161766,0.17772135804828515,-0.16736286094116468,124.30085645500122,0.09468316286802292
20.600000000000023,0.1,0.17413517832756042,0.11737724989648932,106.64858810953756,0.2148575775028774,-0.14959072513633592,124.28412016890711,0.1345195174217224
20.700000000000024,0.1,0.2134915292263031,0.13082920163866174,106.6603258345272,0.2517718896758597,-0.12810496738604787,124.26916109639347,0.17413517832756042
20.800000000000026,0.1,0.2525515556335449,0.14824271947141804,106.67340875469107,0.28842786459783515,-0.10292777841846154,124.25635059965487,0.2134915292263031
20.900000000000027,0.1,0.2912772297859192,0.16959187239404866,106.68823302663822,0.32478932724708426,-0.07408499195867761,124.24605782181303,0.2525515556335449
21.00000000000003,0.1,0.329631507396698,0.1948470279574035,106.70519221387762,0.3608203932499467,-0.04160605923396873,124.23864932261716,0.2912772297859192
21.10000000000003,0.1,0.36757734417915344,0.22397475093599584,106.72467691667336,0.39648550429436014,-0.005524019908973547,124.23448871669376,0.329631507396698
21.20000000000003,0.1,0.4050784707069397,0.2569379016756661,106.74707439176696,0.4317494632216237,0.03412453052046303,124.23393631470286,0.36757734417915344
21.300000000000033,0.1,0.44209858775138855,0.29369563609358196,106.77276818193452,0.46657746876174755,0.077299476842626,124.23734876775491,0.4050784707069397
21.400000000000034,0.1,0.4786023795604706,0.3342034831642765,106.80213774554389,0.5009351498780986,0.12395722371880141,124.24507871543918,0.44209858775138855
21.500000000000036,0.1,0.5145542621612549,0.378413341939416,106.83555809386031,0.5347885996874682,0.17405073870661197,124.25747443781106,0.4786023795604706
21.600000000000037,0.1,0.549920380115509,0.4262735798954638,106.87339942805426,0.5681044089220699,0.22752959867535955,124.27487951168172,0.5145542621612549
21.70000000000004,0.1,0.5846660733222961,0.47772900611158997,106.9160267860438,0.6008496989004577,0.28434003956756737,124.29763247154925,0.549920380115509
21.80000000000004,0.1,0.6187584400177002,0.5327210441231417,106.96379968665497,0.6329921539748086,0.344425009457614,124.32606647550601,0.5846660733222961
21.90000000000004,0.1,0.6521643996238708,0.5911876514553721,107.01707179106728,0.6645000534225689,0.40772422485509574,124.36050897645177,0.6187584400177002
22.000000000000043,0.1,0.684852123260498,0.653063495457143,107.07619055621282,0.6953423027509804,0.4741742301973536,124.40128139893727,0.6521643996238708
22.100000000000044,0.1,0.716790497303009,0.7182799354195311,107.14149690575854,0.7254884643835848,0.5437084604724527,124.44869882195701,0.684852123260498
22.200000000000045,0.1,0.7479481101036072,0.7867651477455818,107.2133248993005,0.7549087876984402,0.6162573069108122,124.50306966800426,0.716790497303009
22.300000000000047,0.1,0.7782953381538391,0.8584441974758837,107.29200141407506,0.7835742383883951,0.6917481856806572,124.56469539869533,0.7479481101036072
22.40000000000005,0.1,0.807803750038147,0.9332390084862455,107.37784583382265,0.8114565271144395,0.7701056095194978,124.63387021726341,0.7782953381538391
22.50000000000005,0.1,0.8364442586898804,1.0110685423016306,107.47116973467128,0.8385281374238703,0.8512512622309429,124.71088077821535,0.807803750038147
22.60000000000005,0.1,0.864189863204956,1.0918489173054464,107.57227658890145,0.8647623529057066,0.9351040759733311,124.79600590443845,0.8364442586898804
22.700000000000053,0.1,0.8910136818885803,1.1754933431744357,107.681461480632,0.8901332835565643,1.021580311263903,124.88951631203578,0.864189863204956
22.800000000000054,0.1,0.9168902039527893,1.2619123294949324,107.79901081494944,0.91461589133096,1.1105936396195608,124.99167434316217,0.8910136818885803
22.900000000000055,0.1,0.9417949914932251,1.3510136976837916,107.92520204789894,0.9381860148508407,1.202055228752658,125.10273370712413,0.9168902039527893
23.000000000000057,0.1,0.965704083442688,1.442702718079072,108.06030341766731,0.9608203932499492,1.2958738302377435,125.2229392299994,0.9417949914932251
23.10000000000006,0.1,0.9885942339897156,1.5368822172283958,108.20457368947523,0.9824966891294864,1.3919558695627399,125.35252661302317,0.965704083442688
23.20000000000006,0.1,1.010444164276123,1.633452625572666,108.35826191119807,1.0031935106024301,1.4902055384756898,125.49172219997945,0.9885942339897156
23.30000000000006,0.1,1.0312330722808838,1.732312048971639,108.52160717375534,1.0228904324047439,1.5905248895359343,125.64074275382703,1.010444164276123
23.400000000000063,0.1,1.050940990447998,1.8333564653992527,108.6948383786525,1.0415680160526475,1.6928139327764102,125.79979524278062,1.0312330722808838
23.500000000000064,0.1,1.069549322128296,1.9364797726273426,108.87817402519244,1.0592078290260523,1.7969707343816765,125.96907663605826,1.050940990447998
23.600000000000065,0.1,1.0870403051376343,2.041573871672144,109.07182200245518,1.0757924629592335,1.9028915172842833,126.14877370949642,1.069549322128296
23.700000000000067,0.1,1.1033976078033447,2.148528803884975,109.27597938962239,1.0913055508207872,2.010470763580208,126.33906286122486,1.0870403051376343
23.800000000000068,0.1,1.1186058521270752,2.2572328343987396,109.4908322700109,1.105731783065911,2.1196013186622884,126.54010993758288,1.1033976078033447
23.90000000000007,0.1,1.1326502561569214,2.367572595179076,109.71655555345077,1.119056922745079,2.230174496968881,126.75207006944912,1.1186058521270752
24.00000000000007,0.1,1.1455183029174805,2.479433180391785,109.95331281296869,1.1312678195541923,2.3420801892433905,126.97508751914602,1.1326502561569214
24.100000000000072,0.1,1.1571974754333496,2.5926982060074786,110.20125613100787,1.1423524228123392,2.455206971198811,127.20929553807036,1.1455183029174805
24.200000000000074,0.1,1.167677640914917,2.7072500362992282,110.46052595160862,1.1522997933543644,2.5694422134800465,127.45481623519025,1.1571974754333496
24.300000000000075,0.1,1.1769483089447021,2.8229697838425647,110.73125095523854,1.161100114326503,2.6846721928154844,127.71176045653826,1.167677640914917
24.400000000000077,0.1,1.1850014925003052,2.939737547934058,111.0135479336228,1.1687447008744318,2.8007822042481365,127.9802276758198,1.1769483089447021
24.500000000000078,0.1,1.1918295621871948,3.0574323788285303,111.30752168841622,1.1752260087141697,2.917656674335581,128.26030589624463,1.1850014925003052
24.60000000000008,0.1,1.1974270343780518,3.1759325280785626,111.61326492629907,1.180537641577377,3.0351792752069997,128.5520715636782,1.1918295621871948
24.70000000000008,0.1,1.2017889022827148,3.2951154842972836,111.93085817910693,1.1846743575236987,3.153233039364739,128.8555894911989,1.1974270343780518
24.800000000000082,0.1,1.2049107551574707,3.4148581877350903,112.26036972753667,1.187632074113928,3.2717004751171106,129.1709127951354,1.2017889022827148
24.900000000000084,0.1,1.2067909240722656,3.5350370779633633,112.60185554631019,1.1894078724388788,3.3904636825285053,129.4980828426471,1.2049107551574707
25.000000000000085,0.1,1.2074275016784668,3.655528153479112,112.95535925410653,1.19,3.5094044697723947,129.83712921089997,1.2067909240722656
25.100000000000087,0.1,1.206821322441101,3.77620724588634,113.32091206945444,1.1894078724388768,3.6284044697723963,130.1880696578772,1.2074275016784668
25.200000000000088,0.1,1.2049726247787476,3.8969499960541882,113.69853279404308,1.1876320741139237,3.7473452570162857,130.55091010485444,1.206821322441101
25.30000000000009,0.1,1.2018849849700928,4.0176321282983,114.0882277936485,1.1846743575236929,3.86610846442768,130.92564463055606,1.2049726247787476
25.40000000000009,0.1,1.1975616216659546,4.138129390776176,114.48999100647833,1.1805376415773692,3.984575900180051,131.31225547699884,1.2018849849700928
25.500000000000092,0.1,1.192007064819336,4.258317889273187,114.90380394555596,1.1752260087141597,4.1026296643377895,131.71071306701685,1.1975616216659546
25.600000000000094,0.1,1.1852270364761353,4.378074051439785,115.32963573448329,1.1687447008744198,4.220152265209207,132.12097603345063,1.192007064819336
25.700000000000095,0.1,1.1772295236587524,4.49727475792172,115.76744313962728,1.161100114326489,4.337026735296651,132.54299125997156,1.1852270364761353
25.800000000000097,0.1,1.168022632598877,4.615797461569335,116.21717061541945,1.1522997933543484,4.453136746729301,132.97669393350122,1.1772295236587524
25.900000000000098,0.1,1.1576166152954102,4.733520413935212,116.67875036157639,1.1423524228123216,4.568366726064737,133.42200760817417,1.168022632598877
26.0000000000001,0.1,1.1460213661193848,4.850322677195101,117.15210240296992,1.1312678195541725,4.682601968345971,133.87884428078064,1.1576166152954102
26.1000000000001,0.1,1.1332494020462036,4.966084338724643,117.63713467068943,1.1190569227450577,4.79572875030139,134.34710447761523,1.1460213661193848
26.200000000000102,0.1,1.119313359260559,5.0806864753365835,118.1337431045619,1.105731783065888,4.9076344425758975,134.8266773526454,1.1332494020462036
26.300000000000104,0.1,1.104228138923645,5.194011415541206,118.64181175209556,1.0913055508207616,5.018207620882488,135.31744079690299,1.119313359260559
26.400000000000105,0.1,1.088009238243103,5.3059427514672635,119.16121289364969,1.0757924629592066,5.1273381759645655,135.81926155899123,1.104228138923645
26.500000000000107,0.1,1.0706727504730225,5.416365565359629,119.69180716879643,1.0592078290260236,5.234917422260487,136.33199537658768,1.088009238243103
26.600000000000108,0.1,1.0522361993789673,5.525166489183941,120.2334437253324,1.0415680160526166,5.340838205163092,136.85548711881373,1.0706727504730225
26.70000000000011,0.1,1.0327184200286865,5.632233764231245,120.7859603742508,1.0228904324047114,5.444995006768354,137.38957093933004,1.0522361993789673
26.80000000000011,0.1,1.0121395587921143,5.737457384169143,121.34918375067394,1.0031935106023964,5.547284050008827,137.93407044000688,1.0327184200286865
26.900000000000112,0.1,0.9905195832252502,5.840729226172013,121.92292948909086,0.9824966891294503,5.647603401069068,138.48879884500778,1.0121395587921143
27.000000000000114,0.1,0.9678812623023987,5.941943182051226,122.50700241170807,0.960820393249912,5.745853069982014,139.0535591851147,0.9905195832252502
27.100000000000115,0.1,0.9442464709281921,6.040995140373752,123.1011967299132,0.9381860148508026,5.841935109307006,139.6281444921129,0.9678812623023987
27.200000000000117,0.1,0.9196398854255676,6.137783266603994,123.70529624395058,0.914615891330919,5.935753710792088,140.2123380030436,0.9442464709281921
27.300000000000118,0.1,0.8940858840942383,6.232207913696814,124.319074570611,0.8901332835565225,6.027215299925182,140.80591337412284,0.9196398854255676
27.40000000000012,0.1,0.8676096200942993,6.324171902239372,124.94229536198068,0.8647623529056625,6.116228628280835,141.40863490411536,0.8940858840942383
27.50000000000012,0.1,0.8402382135391235,6.413580490648797,125.57471255220463,0.8385281374238248,6.202704863571403,142.02025776694344,0.8676096200942993
27.600000000000122,0.1,0.8119999766349792,6.500341452658228,126.21607060126952,0.8114565271143934,6.286557677313787,142.6405282533006,0.8402382135391235
27.700000000000124,0.1,0.7829214334487915,6.584365274012142,126.86610474653536,0.7835742383883468,6.367703330025227,143.26918402103198,0.8119999766349792
27.800000000000125,0.1,0.7530325651168823,6.665565271675641,127.52454127393658,0.7549087876983914,6.446060753864063,143.90595435403452,0.7829214334487915
27.900000000000126,0.1,0.7223635315895081,6.743857415020521,128.19109780110415,0.7254884643835349,6.521551632633903,144.55056042942093,0.7530325651168823
28.000000000000128,0.1,0.6909448504447937,6.81916067153221,128.8654835426062,0.6953423027509285,6.5941004790722575,145.2027155926843,0.7223635315895081
28.10000000000013,0.1,0.6588076949119568,6.891397024691162,129.54739960975942,0.6645000534225167,6.663634709347352,145.86212564059156,0.6909448504447937
28.20000000000013,0.1,0.625984251499176,6.960491509735643,130.23653931222856,0.6329921539747552,6.730084714689604,146.5284891115263,0.6588076949119568
28.300000000000132,0.1,0.5925073623657227,7.02637227922684,130.93258846320214,0.6008496989004024,6.793383930087081,147.20149758299527,0.625984251499176
28.400000000000134,0.1,0.5584105253219604,7.0889707043767585,131.63522569112484,0.5681044089220146,6.853468899977122,147.880835976004,0.5925073623657227
28.500000000000135,0.1,0.5237278938293457,7.148221440613332,132.34412276156252,0.5347885996874119,6.910279340869324,148.56618286600172,0.5584105253219604
28.600000000000136,0.1,0.4884941577911377,7.204062493145528,133.05894490562386,0.5009351498780404,6.963758200838066,149.25721080008867,0.5237278938293457
28.700000000000138,0.1,0.4527442455291748,7.2564352825284635,133.7793511549384,0.46657746876168954,7.01385171582587,149.9535866201725,0.4884941577911377
28.80000000000014,0.1,0.41651296615600586,7.305284698307578,134.50499468319126,0.431749463221566,7.06050946270204,150.6549717917551,0.4527442455291748
28.90000000000014,0.1,0.3798386752605438,7.3505591228604965,135.23552315302203,0.39648550429429974,7.103684409024197,151.3610227380253,0.41651296615600586
29.000000000000142,0.1,0.3427557349205017,7.392210419476098,135.9705790653081,0.36082039324988663,7.143332959453628,152.07139117892774,0.3798386752605438
29.100000000000144,0.1,0.3053019940853119,7.430194287002153,136.70980010725572,0.32478932724702453,7.179414998778617,152.78572447487312,0.3427557349205017
29.200000000000145,0.1,0.26751476526260376,7.464469860494203,137.45281953595594,0.28842786459777287,7.21189393150332,153.503665974751,0.3053019940853119
29.300000000000146,0.1,0.22943121194839478,7.495000059902734,138.19926652200536,0.251771889675798,7.240736717963097,154.22485536790134,0.26751476526260376
29.400000000000148,0.1,0.19109010696411133,7.5217515364289955,138.94876652799564,0.21485757750281428,7.2659139069306775,154.94892903969767,0.22943121194839478
29.50000000000015,0.1,0.15252931416034698,7.544694657623835,139.70094168163857,0.17772135804822167,7.287399664680959,155.67552043039075,0.19109010696411133
29.60000000000015,0.1,0.11378664523363113,7.563803668320246,140.45541114740095,0.14039988027710967,7.305171800485781,156.40426039685886,0.15252931416034698
29.700000000000152,0.1,0.07490129768848419,7.5790565997362815,141.211791514233,0.10292997598215968,7.319211788513493,157.13477757690745,0.11378664523363113
29.800000000000153,0.1,0.035911619663238525,7.590435264259645,141.96969717420663,0.06534862343511863,7.329504786111709,157.86669875575882,0.07490129768848419
29.900000000000155,0.1,-0.003143269568681717,7.597925394028493,142.7287407006326,0.027692910893696653,7.336039648455221,158.59964923437,0.035911619663238525
30.000000000000156,0.1,-0.04222491756081581,7.6015165559948175,143.48853324003548,-0.010000000000059244,7.33880893954459,159.33325319921553,-0.003143269568681717
30.100000000000158,0.1,-0.08129462599754333,7.601202229037949,144.24868489563497,-0.04769291089381295,7.337808939544584,160.06713409317,-0.04222491756081581
30.20000000000016,0.1,-0.12031203508377075,7.596979737281868,145.00880511853876,-0.08534862343523475,7.333039648455203,160.8009149871245,-0.08129462599754333
30.30000000000016,0.1,-0.1592399775981903,7.588850274682113,145.76850309226697,-0.12292997598227763,7.324504786111679,161.53421895197002,-0.12031203508377075
30.400000000000162,0.1,-0.19803957641124725,7.576819071173736,146.52738811973518,-0.16039988027722513,7.312211788513451,162.2666694305812,-0.1592399775981903
30.500000000000163,0.1,-0.23667176067829132,7.560895073413916,147.28507002685257,-0.1977213580483366,7.2961718004857286,162.99789060943255,-0.19803957641124725
30.600000000000165,0.1,-0.27509748935699463,7.541091115772791,148.04115953419398,-0.23485757750293068,7.276399664680895,163.72750778948114,-0.23667176067829132
30.700000000000166,0.1,-0.3132798969745636,7.517423939704962,148.79526864577127,-0.27177188967591154,7.252913906930601,164.45514775594924,-0.27509748935699463
30.800000000000168,0.1,-0.35118070244789124,7.489914190769262,149.5470110397418,-0.3084278645978856,7.225736717963009,165.1804391466423,-0.3132798969745636
30.90000000000017,0.1,-0.38876208662986755,7.458586201071806,150.29600245881872,-0.3447893272471363,7.194893931503221,165.9030128184386,-0.35118070244789124
31.00000000000017,0.1,-0.4259858727455139,7.4234681308270165,151.0418610789259,-0.3808203932499973,7.160414998778506,166.62250221158894,-0.38876208662986755
31.100000000000172,0.1,-0.46281588077545166,7.384591922164029,151.78420789200862,-0.41648550429441117,7.122332959453506,167.3385437114668,-0.4259858727455139
31.200000000000173,0.1,-0.49921566247940063,7.3419933348894775,152.52266708422505,-0.4517494632216742,7.080684409024064,168.05077700741217,-0.46281588077545166
31.300000000000175,0.1,-0.5351488590240479,7.295711746811931,153.256866417714,-0.48657746876179636,7.035509462701896,168.7588454483146,-0.49921566247940063
31.400000000000176,0.1,-0.5705788731575012,7.245790180563991,153.98643759239522,-0.5209351498781477,6.986851715825716,169.4623963945848,-0.5351488590240479
31.500000000000178,0.1,-0.6054717898368835,7.192275294661585,154.71101661045162,-0.5547885996875156,6.9347582008379005,170.16108156616738,-0.5705788731575012
31.60000000000018,0.1,-0.6397925615310669,7.135217407345834,155.4302441399178,-0.5881044089221166,6.879279340869148,170.85455738625117,-0.6054717898368835
31.70000000000018,0.1,-0.673507034778595,7.074670228362145,156.14376588065238,-0.6208496989005045,6.820468899976936,171.5424853203381,-0.6397925615310669
31.800000000000182,0.1,-0.7065818309783936,7.010690972209038,156.8512329034886,-0.6529921539748536,6.758383930086884,172.2245322103358,-0.673507034778595
31.900000000000183,0.1,-0.7389828562736511,6.943340268731178,157.55230200070952,-0.6845000534226129,6.693084714689398,172.9003706033445,-0.7065818309783936
32.000000000000185,0.1,-0.7706795334815979,6.872682085633337,158.24663602758264,-0.7153423027510243,6.624634709347136,173.56967907481345,-0.7389828562736511
32.100000000000186,0.1,-0.8016400337219238,6.798783800005971,158.933904236146,-0.7454884643836268,6.553100479072032,174.23214254574816,-0.7706795334815979
32.20000000000019,0.1,-0.8318318128585815,6.72171584665781,159.6137826161466,-0.7749087876984811,6.4785516326336685,174.88745259365538,-0.8016400337219238
32.30000000000019,0.1,-0.861227810382843,6.641551843285617,160.2859542008124,-0.8035742383884358,6.40106075386382,175.53530775691877,-0.8318318128585815
32.40000000000019,0.1,-0.8897964954376221,6.558368661999758,160.95010938514096,-0.8314565271144783,6.320703330024974,176.17541383230517,-0.861227810382843
32.50000000000019,0.1,-0.9175101518630981,6.472245880961473,161.60594625134095,-0.8585281374239072,6.237557677313525,176.80748416530767,-0.8897964954376221
32.60000000000019,0.1,-0.9443417191505432,6.383266231417709,162.2531708394371,-0.8847623529057437,6.151704863571133,177.43123993303902,-0.9175101518630981
32.700000000000195,0.1,-0.970264196395874,6.291515216231398,162.89149746257888,-0.9101332835565994,6.063228628280558,178.04641041939615,-0.9443417191505432
32.800000000000196,0.1,-0.9952511191368103,6.1970810443163415,163.52064898420204,-0.9346158913309932,5.972215299924897,178.6527332822242,-0.970264196395874
32.9000000000002,0.1,-1.0192784070968628,6.100054624676753,164.1403570886337,-0.9581860148508741,5.878753710791796,179.2499548122167,-0.9952511191368103
33.0000000000002,0.1,-1.0423222780227661,6.0005295127630704,164.75036255110138,-0.9808203932499805,5.782935109306707,179.8378301832959,-1.0192784070968628
33.1000000000002,0.1,-1.0643595457077026,5.898601672053383,165.3504155023777,-1.0024966891295168,5.684853069981708,180.41612369422657,-1.0423222780227661
33.2000000000002,0.1,-1.0853679180145264,5.794369444251105,165.94027566958306,-1.0231935106024588,5.584603401068755,180.98460900122475,-1.0643595457077026
33.3000000000002,0.1,-1.1053266525268555,5.687933489680333,166.51971261400817,-1.0428904324047708,5.4822840500085075,181.54306934133163,-1.0853679180145264
33.400000000000205,0.1,-1.1242157220840454,5.579396697878878,167.0885059629762,-1.0615680160526735,5.377995006768029,182.0912977463325,-1.1053266525268555
33.500000000000206,0.1,-1.1420170068740845,5.4688640326261915,167.64644563276408,-1.0792078290260765,5.27183820516276,182.6290972470093,-1.1242157220840454
33.60000000000021,0.1,-1.1587114334106445,5.356442460417785,168.1933320360267,-1.0957924629592561,5.163917422260151,183.15628106752558,-1.1420170068740845
33.70000000000021,0.1,-1.1742843389511108,5.242240759730375,168.7289762820685,-1.1113055508208087,5.054338175964224,183.67267280975162,-1.1587114334106445
33.80000000000021,0.1,-1.1887189149856567,5.126369616389309,169.25320035804154,-1.1257317830659306,4.943207620882141,184.17810662734806,-1.1742843389511108
33.90000000000021,0.1,-1.2020007371902466,5.008941182494196,169.7658373196805,-1.139056922745097,4.830634442575547,184.67242738943628,-1.1887189149856567
34.00000000000021,0.1,-1.214116096496582,4.890069290995628,170.2667314379299,-1.1512678195542092,4.716728750301035,185.15549083369385,-1.2020007371902466
34.100000000000215,0.1,-1.225054144859314,4.769869217276602,170.75573836702947,-1.162352422812354,4.601601968345613,185.62716370872397,-1.214116096496582
34.200000000000216,0.1,-1.2348021268844604,4.648457607626942,171.23272528875714,-1.1722997933543773,4.485366726064376,186.08732390555855,-1.225054144859314
34.30000000000022,0.1,-1.243351936340332,4.525952193141009,171.69757104951984,-1.1811001143265147,4.368136746728936,186.535860578165,-1.2348021268844604
34.40000000000022,0.1,-1.2506948709487915,4.402471980452561,172.15016626883394,-1.1887447008744418,4.2500267352962835,186.9726742528379,-1.243351936340332
34.50000000000022,0.1,-1.2568223476409912,4.278136786818526,172.5904134668792,-1.195226008714178,4.131152265208837,187.39767692636752,-1.2506948709487915
34.60000000000022,0.1,-1.2617292404174805,4.153067299723645,173.01822714556107,-1.2005376415773839,4.011629664337418,187.8107921528884,-1.2568223476409912
34.70000000000022,0.1,-1.265410304069519,4.027385064959544,173.43353387553344,-1.2046743575237038,3.891575900179678,188.21195511932217,-1.2617292404174805
34.800000000000225,0.1,-1.2678611278533936,3.9012121409177944,173.8362723820294,-1.2076320741139313,3.771108464427306,188.60111270934016,-1.265410304069519
34.900000000000226,0.1,-1.2690796852111816,3.7746711105108406,174.22639359612117,-1.2094078724388806,3.650345257015911,188.9782235557829,-1.2678611278533936
35.00000000000023,0.1,-1.269065022468567,3.6478849977254995,174.60386070717226,-1.21,3.5294044697720213,189.3432580814845,-1.2690796852111816
35.10000000000023,0.1,-1.267816424369812,3.5209770292043796,174.9686492069448,-1.209407872438875,3.4084044697720195,189.6961985284617,-1.269065022468567
35.20000000000023,0.1,-1.2653348445892334,3.3940705269575213,175.32074690986525,-1.2076320741139204,3.2874636825281303,190.03703897543892,-1.267816424369812
35.30000000000023,0.1,-1.2616230249404907,3.2672888845205383,175.660153962561,-1.2046743575236878,3.1667004751167367,190.36578534369173,-1.2653348445892334
35.40000000000023,0.1,-1.25668466091156,3.140755400061613,175.98688285101306,-1.2005376415773623,3.0462330393643664,190.6824553912034,-1.2616230249404907
35.500000000000234,0.1,-1.2505238056182861,3.014593097567562,176.30095839101924,-1.1952260087141515,2.9261792752066285,190.98707869513984,-1.25668466091156
35.600000000000236,0.1,-1.2431471347808838,2.8889246314764043,176.602417700776,-1.1887447008744099,2.8066566743352115,191.2796966226605,-1.2505238056182861
35.70000000000024,0.1,-1.2345607280731201,2.763872250914574,176.89131016392363,-1.1811001143264772,2.687782204247769,191.56036229009405,-1.2431471347808838
35.80000000000024,0.1,-1.2247740030288696,2.639557537436484,177.1676973890151,-1.172299793354335,2.5696721928151196,191.82914051051884,-1.2345607280731201
35.90000000000024,0.1,-1.213795781135559,2.51610146462917,177.43165314275876,-1.1623524228123068,2.4524422134796846,192.08610772980035,-1.2247740030288696
36.00000000000024,0.1,-1.2016382217407227,2.3936240643262816,177.68326328922168,-1.1512678195541561,2.336206971198452,192.33135195114832,-1.213795781135559
36.10000000000024,0.1,-1.188311219215393,2.272244486212724,177.92262569565432,-1.1390569227450398,2.2210801892430347,192.56497264826817,-1.2016382217407227
36.200000000000244,0.1,-1.1738287210464478,2.15208066403865,178.1498501442756,-1.1257317830658682,2.107174496968529,192.78708066719247,-1.188311219215393
36.300000000000246,0.1,-1.158205509185791,2.033249542117109,178.36505821067948,-1.1113055508207406,1.9946013186619407,192.99779811688933,-1.1738287210464478
36.40000000000025,0.1,-1.1414546966552734,1.9158666700124627,178.5683831648912,-1.095792462959184,1.883470763579865,193.19725824875553,-1.158205509185791
36.50000000000025,0.1,-1.1235958337783813,1.800046119093882,178.75996983189245,-1.0792078290259997,1.7738915172839451,193.38560532511352,-1.1414546966552734
36.60000000000025,0.1,-1.1046439409255981,1.685900649428353,178.93997444380184,-1.0615680160525909,1.6659707343813437,193.5629944768419,-1.1235958337783813
36.70000000000025,0.1,-1.084619402885437,1.5735410660505134,179.10856450874468,-1.0428904324046846,1.5598139327760832,193.72959155028005,-1.1046439409255981
36.80000000000025,0.1,-1.0635398626327515,1.463076671957952,179.26591861534973,-1.0231935106023669,1.4555248895356132,193.88557294355766,-1.084619402885437
36.900000000000254,0.1,-1.0414278507232666,1.3546147316694068,179.41222628254553,-1.0024966891294205,1.3532055384753752,194.03112543251123,-1.0635398626327515
37.000000000000256,0.1,-1.018304467201233,1.24826074540613,179.54768775571247,-0.9808203932498808,1.2529558695624317,194.16644598635878,-1.0414278507232666
37.10000000000026,0.1,-0.9941919445991516,1.1441179603338019,179.67251383025308,-0.9581860148507688,1.1548738302374422,194.29174157331502,-1.018304467201233
37.20000000000026,0.1,-0.9691144227981567,1.042287513613677,179.78692562628646,-0.9346158913308851,1.059055228752364,194.40722895633877,-0.9941919445991516
37.30000000000026,0.1,-0.9430967569351196,0.9428683191537606,179.89115437764784,-0.9101332835564874,0.9655936396192741,194.51313447921402,-0.9691144227981567
37.40000000000026,0.1,-0.9161640405654907,0.8459568768739435,179.98544120956322,-0.8847623529056262,0.8745803112636241,194.60969384317593,-0.9430967569351196
37.50000000000026,0.1,-0.8883428573608398,0.7516472011804302,180.07003689725062,-0.8585281374237873,0.7861040759730602,194.6971518743023,-0.9161640405654907
37.600000000000264,0.1,-0.8596605658531189,0.6600307971238798,180.14520161736866,-0.8314565271143547,0.7002512622306802,194.7757622818996,-0.8883428573608398
37.700000000000266,0.1,-0.8301461935043335,0.5711965113877946,180.21120469708106,-0.803574238388307,0.6171056095192435,194.84578740812267,-0.8596605658531189
37.80000000000027,0.1,-0.7998273372650146,0.4852304548024815,180.26832434821983,-0.7749087876983506,0.5367481856804117,194.9074979690746,-0.8301461935043335
37.90000000000027,0.1,-0.7687346935272217,0.402215835452047,180.31684739370007,-0.7454884643834929,0.45925730691057554,194.96117278764265,-0.7998273372650146
38.00000000000027,0.1,-0.7368991374969482,0.32223310172554437,180.3570689772453,-0.7153423027508854,0.3847084604722252,195.00709851833372,-0.7687346935272217
38.10000000000027,0.1,-0.7043511867523193,0.2453596323728211,180.38929228741785,-0.6845000534224728,0.31317423019713564,195.04556936438095,-0.7368991374969482
38.20000000000027,0.1,-0.6711236238479614,0.17166971862312524,180.41382825065511,-0.6529921539747103,0.24472422485488737,195.07688678740067,-0.7043511867523193
38.300000000000274,0.1,-0.637248158454895,0.10123459994789231,180.43099522251742,-0.6208496989003567,0.1794250094574154,195.10135920988617,-0.6711236238479614
38.400000000000276,0.1,-0.6027590036392212,0.03412223756309522,180.4411186825122,-0.588104408921968,0.11734003956737886,195.1193017108319,-0.637248158454895
38.50000000000028,0.1,-0.5676896572113037,-0.02960257828239518,180.4445309062685,-0.5547885996873626,0.05852959867518122,195.13103571478865,-0.6027590036392212
38.60000000000028,0.1,-0.5320754051208496,-0.08987847864631815,180.44157064844026,-0.5209351498779924,0.0030507387064441713,195.13688867465618,-0.5676896572113037
38.70000000000028,0.1,-0.49595099687576294,-0.14664744436744934,180.43258280057563,-0.4865774687616408,-0.04904277628135581,195.1371937485268,-0.5320754051208496
38.80000000000028,0.1,-0.45935139060020447,-0.19985498487953507,180.4179180561389,-0.4517494632215146,-0.09770052315752059,195.13228947089868,-0.49595099687576294
38.90000000000028,0.1,-0.42231282591819763,-0.24945008456711207,180.39793255765093,-0.41648550429424974,-0.1428754694796727,195.12251941858293,-0.45935139060020447
39.000000000000284,0.1,-0.38487252593040466,-0.29538522362713315,180.37298754919422,-0.3808203932498361,-0.18452401990909825,195.10823187163496,-0.42231282591819763
39.100000000000286,0.1,-0.34706616401672363,-0.3376165062189535,180.3434490268315,-0.3447893272469715,-0.2226060592340824,195.08977946964404,-0.38487252593040466
39.20000000000029,0.1,-0.3089316487312317,-0.37610375881199454,180.3096873762096,-0.3084278645977214,-0.25708499195878004,195.06751886372064,-0.34706616401672363
39.30000000000029,0.1,-0.27050724625587463,-0.41081037521366737,180.2720770003284,-0.27177188967574617,-0.2879277784185526,195.04181036452476,-0.3089316487312317
39.40000000000029,0.1,-0.23182964324951172,-0.44170354008679097,180.23099596280704,-0.23485757750276207,-0.3151049673861276,195.0130175866829,-0.27050724625587463
39.50000000000029,0.1,-0.19293762743473053,-0.4687542647123788,180.18682560879836,-0.1977213580481692,-0.33859072513640415,194.9815070899443,-0.23182964324951172
39.60000000000029,0.1,-0.15386883914470673,-0.4919372290373303,180.1399501823271,-0.16039988027705696,-0.35836286094122133,194.94764801743065,-0.19293762743473053
39.700000000000294,0.1,-0.11466240137815475,-0.5112309917808036,180.09075645942337,-0.12292997598210677,-0.3744028489689272,194.91181173133654,-0.15386883914470673
39.800000000000296,0.1,-0.07535691559314728,-0.5266178756952744,180.0396333602453,-0.08534862343506558,-0.38669584656713807,194.87437144643965,-0.11466240137815475
39.9000000000003,0.1,-0.0359899066388607,-0.53808411583309,179.98697157267577,-0.04769291089364354,-0.39523070891064477,194.83570186178295,-0.07535691559314728
40.0000000000003,0.1,0.003398028202354908,-0.5456198073924049,179.93316316109247,-0.009999999999887611,-0.4000000000000092,194.79617879089187,-0.0359899066388607
40.1000000000003,0.1,0.04276817664504051,-0.549218798056291,179.87860118035323,0.027692910893866066,-0.40099999999999797,194.75617879089188,0.003398028202354908
40.2000000000003,0.1,0.0820835754275322,-0.5488789952360555,179.8236793005476,0.0653486234352878,-0.3982307089106113,194.71607879089188,0.04276817664504051
40.3000000000003,0.1,0.12130372226238251,-0.5446021775715514,179.768791401024,0.10292997598233054,-0.39169584656708245,194.67625572000082,0.0820835754275322
40.400000000000304,0.1,0.1603907197713852,-0.5363938200287981,179.71433118326684,0.14039988027727784,-0.38140284896884924,194.6370861353441,0.12130372226238251
40.500000000000306,0.1,0.1993066519498825,-0.5242634478025596,179.66069180126397,0.17772135804839118,-0.36736286094112125,194.59894585044722,0.1603907197713852
40.60000000000031,0.1,0.23801210522651672,-0.5082243758254209,179.6082654564837,0.21485757750298284,-0.34959072513628187,194.5622095643531,0.1993066519498825
40.70000000000031,0.1,0.27646899223327637,-0.48829371063043236,179.55744301890115,0.2517718896759634,-0.32810496738598327,194.52725049183948,0.23801210522651672
40.80000000000031,0.1,0.31463950872421265,-0.46449250010778037,179.5086136478381,0.2884278645979391,-0.3029277784183866,194.4944399951009,0.27646899223327637
40.90000000000031,0.1,0.3524867296218872,-0.43684560088445235,179.46216439782734,0.3247893272471873,-0.27408499195859226,194.46414721725904,0.31463950872421265
41.00000000000031,0.1,0.38997289538383484,-0.40538165001203064,179.4184798377389,0.36082039325004783,-0.24160605923387307,194.43673871806317,0.3524867296218872
41.100000000000314,0.1,0.4270612299442291,-0.37013297704984144,179.37794167273768,0.3964855042944612,-0.20552401990886776,194.41257811213978,0.38997289538383484
41.200000000000315,0.1,0.463714599609375,-0.3311356875114574,179.3409283750327,0.43174946322172353,-0.16587546947942108,194.39202571014889,0.4270612299442291
41.30000000000032,0.1,0.49989762902259827,-0.2884295645170339,179.30781480628156,0.4665774687618451,-0.12270052315724811,194.37543816320095,0.463714599609375
41.40000000000032,0.1,0.535574197769165,-0.24205810455609572,179.27897184982984,0.5009351498781958,-0.07604277628106293,194.36316811088523,0.49989762902259827
41.50000000000032,0.1,0.570709228515625,-0.19206834165383518,179.25476603937423,0.5347885996875629,-0.02594926129324264,194.35556383325712,0.535574197769165
41.60000000000032,0.1,0.6052682399749756,-0.13851092187691794,179.23555920520886,0.5681044089221632,0.02752959867551441,194.3529689071278,0.570709228515625
41.70000000000032,0.1,0.6392166614532471,-0.08143999902535462,179.22170811302118,0.6008496989005502,0.08434003956773153,194.35572186699537,0.6052682399749756
41.800000000000324,0.1,0.6725224256515503,-0.020913175027856203,179.21356411311865,0.6329921539748983,0.1444250094577874,194.36415587095215,0.6392166614532471
41.900000000000325,0.1,0.7051509618759155,0.04300849111746941,179.21147279561586,0.6645000534226568,0.20772422485527814,194.37859837189794,0.6725224256515503
42.00000000000033,0.1,0.7370715141296387,0.1102607336826254,179.21577364472762,0.6953423027510672,0.2741742301975448,194.39937079438346,0.7051509618759155
42.10000000000033,0.1,0.7682514786720276,0.18077582987021795,179.2267997180959,0.7254884643836688,0.34370846047265247,194.4267882174032,0.7370715141296387
42.20000000000033,0.1,0.7986608147621155,0.25448298128318286,179.2448773010829,0.7549087876985238,0.41625730691102036,194.46115906345048,0.7682514786720276
42.30000000000033,0.1,0.8282702565193176,0.3313081291503867,179.27032559921122,0.7835742383884755,0.4917481856808738,194.50278479414158,0.7986608147621155
42.40000000000033,0.1,0.8570489287376404,0.4111742106265994,179.30345641212625,0.811456527114517,0.5701056095197224,194.55195961270965,0.8282702565193176
42.500000000000334,0.1,0.8849692940711975,0.4940012362785324,179.34457383318892,0.8385281374239462,0.6512512622311752,194.60897017366162,0.8570489287376404
42.600000000000335,0.1,0.912003755569458,0.5797061291522976,179.39397395681678,0.8647623529057801,0.7351040759735711,194.67409529988473,0.8849692940711975
42.70000000000034,0.1,0.9381269216537476,0.6682030585594185,179.451944569732,0.8901332835566346,0.8215803112641503,194.74760570748208,0.912003755569458
42.80000000000034,0.1,0.9633103013038635,0.7594034341163656,179.51876487558795,0.9146158913310285,0.9105936396198151,194.8297637386085,0.9381269216537476
42.90000000000034,0.1,0.9875314831733704,0.8532161262817417,179.5947052189996,0.9381860148509065,1.0020552287529192,194.9208231025705,0.9633103013038635
43.00000000000034,0.1,1.0107661485671997,0.9495471564121294,179.68002683162777,0.9608203932500117,1.095873830238011,195.02102862544578,0.9875314831733704
43.10000000000034,0.1,1.0329912900924683,1.048300304729468,179.774981547269,0.9824966891295468,1.1919558695630137,195.1306160084696,1.0107661485671997
43.200000000000344,0.1,1.0541844367980957,1.1493769195861894,179.87981157774195,1.0031935106024872,1.2902055384759699,195.24981159542588,1.0329912900924683
43.300000000000345,0.1,1.074325442314148,1.2526760485954376,179.99474926970058,1.0228904324047978,1.3905248895362199,195.37883214927348,1.0541844367980957
43.40000000000035,0.1,1.0933932065963745,1.3580944922752487,180.12001687456012,1.0415680160526992,1.4928139327767012,195.51788463822712,1.074325442314148
43.50000000000035,0.1,1.1113708019256592,1.465527036506665,180.25582632378766,1.0592078290261007,1.5969707343819726,195.6671660315048,1.0933932065963745
43.60000000000035,0.1,1.128238558769226,1.574866357166304,180.40237902743831,1.0757924629592788,1.7028915172845842,195.826863104943,1.1113708019256592
43.70000000000035,0.1,1.1439818143844604,1.6860034373588715,180.55986566315494,1.0913055508208298,1.8104707635805135,195.99715225667146,1.128238558769226
43.80000000000035,0.1,1.1585838794708252,1.7988272932357956,180.72846600689084,1.10573178306595,1.919601318662598,196.1781993330295,1.1439818143844604
43.900000000000354,0.1,1.1720303297042847,1.9132254746742432,180.90834873621444,1.119056922745115,2.0301744969691944,196.37015946489578,1.1585838794708252
44.000000000000355,0.1,1.1843088865280151,2.0290838626213272,181.09967128368186,1.1312678195542254,2.1420801892437074,196.5731769145927,1.1720303297042847
44.10000000000036,0.1,1.1954067945480347,2.1462868955917576,181.30257966994398,1.1423524228123687,2.2552069711991316,196.78738493351707,1.1843088865280151
44.20000000000036,0.1,1.2053126096725464,2.264717784244561,181.51720835950317,1.152299793354391,2.36944221348037,197.012905630637,1.1954067945480347
44.30000000000036,0.1,1.214017391204834,2.384258463699366,181.74368013792764,1.1611001143265263,2.4846721928158106,197.24984985198503,1.2053126096725464
