time,step-size,{FollowingAlgorithm}.FollowingAlgorithmInstance.accel,{FollowingCar}.FollowingCarInstance.speed,{FollowingCar}.FollowingCarInstance.x,{LeadingCar}.LeadingCarInstance.accel,{LeadingCar}.LeadingCarInstance.speed,{LeadingCar}.LeadingCarInstance.x
0.0,0.0,0.0,5.0,0.0,-0.01,5.0,10.0
0.1,0.1,-0.01600000075995922,5.0,0.5,0.027692910893753947,4.999,10.5
0.2,0.1,0.04430865868926048,4.998399999924004,1.0,0.06534862343517606,5.001769291089375,10.9999
0.30000000000000004,0.1,0.10455780476331711,5.00283086579293,1.4998399999924006,0.10292997598221719,5.008304153432893,11.500076929108937
0.4,0.1,0.16468797624111176,5.013286646269262,2.0001230865716932,0.1403998802771651,5.0185971510311145,12.000907344452227
0.5,0.1,0.22463980317115784,5.029755443893373,2.501451751198619,0.17772135804827702,5.032637139058831,12.502767059555337
0.6,0.1,0.28435418009757996,5.052219424210489,3.0044272955879565,0.21485757750286952,5.050409274863659,13.00603077346122
0.7,0.1,0.34377214312553406,5.080654842220247,3.5096492380090054,0.251771889675851,5.071895032613946,13.511071700947586
0.7999999999999999,0.1,0.40283504128456116,5.115032056532801,4.01771472223103,0.28842786459782566,5.097072221581531,14.01826120420898
0.8999999999999999,0.1,0.4614845812320709,5.155315560661257,4.529217927884311,0.32478932724707504,5.125915008041313,14.527968426367133
0.9999999999999999,0.1,0.5196629166603088,5.201464018784464,5.0447494839504365,0.3608203932499368,5.158393940766021,15.040559927171264
1.0999999999999999,0.1,0.5773126482963562,5.253430310450495,5.564895885828883,0.39648550429434953,5.194475980091014,15.556399321247866
1.2,0.1,0.6343768239021301,5.311161575280131,6.090238916873933,0.4317494632216135,5.234124530520449,16.075846919256968
1.3,0.1,0.6907991766929626,5.3745992576703445,6.621355074401946,0.4665774687617367,5.277299476842611,16.599259372309014
1.4000000000000001,0.1,0.7465239763259888,5.443679175339641,7.158815000168981,0.5009351498780872,5.323957223718785,17.126989319993275
1.5000000000000002,0.1,0.8014962077140808,5.51833157297224,7.703182917702946,0.5347885996874562,5.374050738706593,17.65938504236515
1.6000000000000003,0.1,0.8556618094444275,5.598481193743648,8.25501607500017,0.5681044089220584,5.4275295986753385,18.19679011623581
1.7000000000000004,0.1,0.9089670181274414,5.684047374688091,8.814864194374536,0.6008496989004456,5.484340039567544,18.739543076103345
1.8000000000000005,0.1,0.9613595008850098,5.774944076500835,9.383268931843345,0.6329921539747959,5.544425009457589,19.2879770800601
1.9000000000000006,0.1,1.0127874612808228,5.871080026589336,9.960763339493429,0.6645000534225568,5.607724224855069,19.842419581005856
2.0000000000000004,0.1,1.0632001161575317,5.972358772717418,10.547871342152362,0.6953423027509679,5.674174230197324,20.403192003491363
2.1000000000000005,0.1,1.112547755241394,6.078678784333171,11.145107219424105,0.7254884643835718,5.743708460472421,20.970609426511096
2.2000000000000006,0.1,1.1607816219329834,6.189933559857311,11.752975097857423,0.7549087876984278,5.816257306910778,21.544980272558337
2.3000000000000007,0.1,1.207854151725769,6.306011722050609,12.371968453843154,0.7835742383883825,5.891748185680621,22.126606003249417
2.400000000000001,0.1,1.2537187337875366,6.426797137223186,13.002569626048215,0.8114565271144266,5.970105609519459,22.71578082181748
2.500000000000001,0.1,1.2983304262161255,6.55216901060194,13.645249339770535,0.8385281374238572,6.051251262230902,23.312791382769426
2.600000000000001,0.1,1.3416451215744019,6.6820020532235525,14.30046624083073,0.8647623529056939,6.135104075973287,23.917916508992516
2.700000000000001,0.1,1.383619785308838,6.816166565380993,14.968666446153085,0.8901332835565516,6.221580311263857,24.531426916589844
2.800000000000001,0.1,1.4242132902145386,6.954528543911876,15.650283102691185,0.9146158913309473,6.310593639619512,25.15358494771623
2.9000000000000012,0.1,1.4633854627609253,7.0969498729333305,16.345735957082372,0.9381860148508288,6.402055228752607,25.784644311678182
3.0000000000000013,0.1,1.501097559928894,7.243288419209423,17.055430944375704,0.9608203932499372,6.49587383023769,26.42484983455344
3.1000000000000014,0.1,1.537312626838684,7.393398175202313,17.779759786296648,0.9824966891294744,6.591955869562684,27.074437217577213
3.2000000000000015,0.1,1.571994662284851,7.5471294378861815,18.51909960381688,1.0031935106024183,6.690205538475631,27.73363280453348
3.3000000000000016,0.1,1.6051095724105835,7.704328904114667,19.2738125476055,1.0228904324047325,6.790524889535873,28.402653358381045
3.4000000000000017,0.1,1.6366246938705444,7.864839861355725,20.044245438016965,1.0415680160526366,6.892813932776346,29.081705847334632
3.5000000000000018,0.1,1.6665089130401611,8.02850233074278,20.830729424152537,1.0592078290260416,6.99697073438161,29.770987240612268
3.600000000000002,0.1,1.6947325468063354,8.195153222046796,21.633579657226814,1.0757924629592235,7.102891517284214,30.47068431405043
3.700000000000002,0.1,1.7212679386138916,8.36462647672743,22.453094979431494,1.0913055508207776,7.210470763580137,31.18097346577885
3.800000000000002,0.1,1.7460888624191284,8.53675327058882,23.289557627104237,1.105731783065902,7.319601318662214,31.902020542136867
3.900000000000002,0.1,1.7691707611083984,8.711362156830733,24.14323295416312,1.1190569227450708,7.430174496968805,32.63398067400309
4.000000000000002,0.1,1.7904911041259766,8.888279232941573,25.01436916984619,1.1312678195541845,7.542080189243311,33.37699812369997
4.100000000000001,0.1,1.8100284337997437,9.06732834335417,25.903197093140346,1.1423524228123318,7.655206971198729,34.1312061426243
4.200000000000001,0.1,1.8277639150619507,9.248331186734143,26.80992992747576,1.1522997933543573,7.769442213479962,34.89672683974417
4.300000000000001,0.1,1.843679666519165,9.431107578240338,27.734763046149173,1.161100114326497,7.8846721928153976,35.673671061092165
4.4,0.1,1.8577603101730347,9.615475544892254,28.677873803973203,1.1687447008744265,8.000782204248047,36.4621382803737
4.5,0.1,1.8699915409088135,9.801251575909557,29.639421358462425,1.1752260087141653,8.117656674335489,37.2622165007985
4.6,0.1,1.880361557006836,9.988250730000438,30.619546516053376,1.1805376415773732,8.235179275206905,38.07398216823205
4.699999999999999,0.1,1.8888603448867798,10.17628688570112,31.618371589053417,1.184674357523696,8.353233039364643,38.89750009575274
4.799999999999999,0.1,1.8954790830612183,10.365172920189798,32.63600027762352,1.187632074113926,8.47170047511701,39.7328233996892
4.899999999999999,0.1,1.9002113342285156,10.554720828495919,33.6725175696425,1.1894078724388777,8.590463682528403,40.5799934472009
4.999999999999998,0.1,1.903052568435669,10.74474196191877,34.72798965249209,1.19,8.709404469772291,41.43903981545374
5.099999999999998,0.1,1.904000163078308,10.935047218762335,35.80246384868396,1.189407872438878,8.828404469772291,42.30998026243097
5.1999999999999975,0.1,1.903052568435669,11.125447235070165,36.89596857056019,1.187632074113926,8.94734525701618,43.192820709408196
5.299999999999997,0.1,1.9002113342285156,11.315752491913731,38.00851329406721,1.184674357523696,9.066108464427572,44.08755523510981
5.399999999999997,0.1,1.8954790830612183,11.505773625336582,39.14008854325858,1.1805376415773736,9.18457590017994,44.994166081552564
5.4999999999999964,0.1,1.8888603448867798,11.695321533642703,40.29066590579223,1.1752260087141655,9.302629664337678,45.91262367157056
5.599999999999996,0.1,1.880361557006836,11.88420756813138,41.4601980591565,1.1687447008744267,9.420152265209094,46.84288663800432
5.699999999999996,0.1,1.8699915409088135,12.072243723832063,42.64861881596963,1.1611001143264972,9.537026735296536,47.78490186452523
5.799999999999995,0.1,1.8577603101730347,12.259242877922944,43.85584318835283,1.1522997933543577,9.653136746729185,48.73860453805488
5.899999999999995,0.1,1.843679666519165,12.445018908940247,45.08176747614512,1.142352422812332,9.76836672606462,49.70391821272779
5.999999999999995,0.1,1.8277639150619507,12.629386875592163,46.32626936703914,1.131267819554185,9.882601968345853,50.68075488533425
6.099999999999994,0.1,1.8100284337997437,12.812163267098358,47.58920805459835,1.1190569227450713,9.995728750301272,51.66901508216883
6.199999999999994,0.1,1.7904911041259766,12.993166110478331,48.87042438130818,1.1057317830659026,10.107634442575778,52.66858795719896
6.299999999999994,0.1,1.7691707611083984,13.172215220890928,50.16974099235601,1.0913055508207783,10.218207620882367,53.679351401456536
6.399999999999993,0.1,1.7460888624191284,13.349132297001768,51.486962514445096,1.0757924629592246,10.327338175964444,54.70117216354477
6.499999999999993,0.1,1.7212679386138916,13.523741183243681,52.82187574414527,1.0592078290260427,10.434917422260366,55.733905981141206
6.5999999999999925,0.1,1.6947325468063354,13.695867977105069,54.17424986246963,1.0415680160526377,10.54083820516297,56.77739772336724
6.699999999999992,0.1,1.6665089130401611,13.8653412317857,55.54383666018013,1.0228904324047339,10.644995006768234,57.83148154388353
6.799999999999992,0.1,1.6366246938705444,14.031992123089717,56.9303707833587,1.00319351060242,10.747284050008707,58.895981044560344
6.8999999999999915,0.1,1.6051095724105835,14.195654592476771,58.333569995667666,0.9824966891294759,10.847603401068948,59.97070944956121
6.999999999999991,0.1,1.571994662284851,14.35616554971783,59.75313545491534,0.9608203932499387,10.945853069981895,61.0554697896681
7.099999999999991,0.1,1.537312626838684,14.513365015946313,61.18875200988712,0.9381860148508305,11.04193510930689,62.150055096666286
7.19999999999999,0.1,1.501097559928894,14.667096278630181,62.64008851148174,0.9146158913309494,11.135753710791972,63.25424860759697
7.29999999999999,0.1,1.4633854627609253,14.81720603462307,64.10679813934476,0.890133283556554,11.227215299925067,64.36782397867617
7.39999999999999,0.1,1.4242132902145386,14.96354458089916,65.58851874280707,0.8647623529056966,11.316228628280722,65.49054550866867
7.499999999999989,0.1,1.383619785308838,15.105965909920615,67.08487320089698,0.8385281374238601,11.40270486357129,66.62216837149674
7.599999999999989,0.1,1.3416451215744019,15.244327888451497,68.59546979188903,0.8114565271144294,11.486557677313677,67.76243885785387
7.699999999999989,0.1,1.2983304262161255,15.378492400608938,70.11990258073418,0.7835742383883854,11.56770333002512,68.91109462558524
7.799999999999988,0.1,1.2537187337875366,15.50832544323055,71.65775182079507,0.7549087876984312,11.646060753863958,70.06786495858775
7.899999999999988,0.1,1.207854151725769,15.633697316609304,73.20858436511811,0.7254884643835755,11.721551632633801,71.23247103397414
7.999999999999988,0.1,1.1607816219329834,15.75448273178188,74.77195409677904,0.6953423027509718,11.794100479072158,72.4046261972375
8.099999999999987,0.1,1.112547755241394,15.87056089397518,76.34740236995722,0.6645000534225609,11.863634709347256,73.58403624514472
8.199999999999987,0.1,1.0632001161575317,15.98181566949932,77.93445845935473,0.6329921539747999,11.930084714689512,74.77039971607944
8.299999999999986,0.1,1.0127874612808228,16.088135681115073,79.53264002630466,0.6008496989004498,11.993383930086992,75.96340818754838
8.399999999999986,0.1,0.9613595008850098,16.189414427243154,81.14145359441616,0.5681044089220629,12.053468899977037,77.16274658055707
8.499999999999986,0.1,0.9089670181274414,16.285550377331656,82.76039503714047,0.534788599687461,12.110279340869244,78.36809347055477
8.599999999999985,0.1,0.8556618094444275,16.376447079144402,84.38895007487363,0.5009351498780923,12.16375820083799,79.57912140464168
8.699999999999985,0.1,0.8014962077140808,16.462013260088845,86.02659478278807,0.4665774687617421,12.213851715825799,80.79549722472548
8.799999999999985,0.1,0.7465239763259888,16.542162880860253,87.67279610879694,0.4317494632216192,12.260509462701974,82.01688239630806
8.899999999999984,0.1,0.6907991766929626,16.61681527849285,89.32701239688296,0.3964855042943551,12.303684409024136,83.24293334257825
8.999999999999984,0.1,0.6343768239021301,16.685895196162146,90.98869392473225,0.3608203932499426,12.343332959453571,84.47330178348066
9.099999999999984,0.1,0.5773126482963562,16.74933287855236,92.65728344434845,0.32478932724708104,12.379414998778564,85.70763507942601
9.199999999999983,0.1,0.5196629166603088,16.807064143381993,94.33221673220368,0.288427864597832,12.411893931503272,86.94557657930386
9.299999999999983,0.1,0.4614845812320709,16.859030435048023,96.01292314654187,0.2517718896758575,12.440736717963055,88.18676597245418
9.399999999999983,0.1,0.40283504128456116,16.90517889317123,97.69882619004666,0.21485757750287626,12.465913906930641,89.43083964425048
9.499999999999982,0.1,0.34377214312553406,16.945462397299686,99.38934407936378,0.177721358048284,12.487399664680929,90.67743103494354
9.599999999999982,0.1,0.28435418009757996,16.97983961161224,101.08389031909374,0.1403998802771718,12.505171800485757,91.92617100141163
9.699999999999982,0.1,0.22463980317115784,17.008275029621995,102.78187428025495,0.10292997598222411,12.519211788513473,93.17668818146021
9.799999999999981,0.1,0.16468797624111176,17.03073900993911,104.48270178321715,0.06534862343518322,12.529504786111696,94.42860936031155
9.89999999999998,0.1,0.10455780476331711,17.047207807563222,106.18577568421105,0.027692910893761344,12.536039648455214,95.68155983892272
9.99999999999998,0.1,0.04430865868926048,17.057663588039553,107.89049646496737,-0.009999999999992392,12.53880893954459,96.93516380376823
10.09999999999998,0.1,-0.01600000075995922,17.06209445390848,109.59626282377133,-0.04769291089374613,12.53780893954459,98.1890446977227
10.19999999999998,0.1,-0.07630866020917892,17.060494453832483,111.30247226916217,-0.08534862343516803,12.533039648455215,99.44282559167715
10.29999999999998,0.1,-0.13655780255794525,17.052863587811565,113.00852171454541,-0.12292997598220949,12.524504786111699,100.69612955652266
10.399999999999979,0.1,-0.1966879665851593,17.03920780755577,114.71380807332656,-0.1603998802771572,12.512211788513477,101.94858003513383
10.499999999999979,0.1,-0.2566398084163666,17.019539010897255,116.41772885408213,-0.19772135804826899,12.496171800485762,103.19980121398517
10.599999999999978,0.1,-0.3163541853427887,16.99387503005562,118.11968275517185,-0.23485757750286132,12.476399664680935,104.44941839403374
10.699999999999978,0.1,-0.3757721185684204,16.96223961152134,119.8190702581774,-0.2717718896758427,12.452913906930648,105.69705836050183
10.799999999999978,0.1,-0.4348350167274475,16.9246623996645,121.51529421932953,-0.30842786459781724,12.425736717963064,106.94234975119488
10.899999999999977,0.1,-0.49348458647727966,16.881178897991752,123.20776045929598,-0.34478932724706696,12.394893931503281,108.18492342299119
10.999999999999977,0.1,-0.5516629219055176,16.831830439344024,124.89587834909516,-0.3808203932499286,12.360414998778575,109.42441281614151
11.099999999999977,0.1,-0.6093126535415649,16.776664147153472,126.57906139302955,-0.4164855042943412,12.322332959453583,110.66045431601937
11.199999999999976,0.1,-0.6663768291473389,16.715732881799315,128.25672780774488,-0.45174946322160503,12.280684409024149,111.89268761196472
11.299999999999976,0.1,-0.7227991819381714,16.64909519888458,129.9283010959248,-0.48657746876172814,12.23550946270199,113.12075605286712
11.399999999999975,0.1,-0.7785239815711975,16.576815280690763,131.59321061581326,-0.5209351498780785,12.186851715825817,114.34430699913732
11.499999999999975,0.1,-0.8334962725639343,16.498962882533643,133.25089214388234,-0.5547885996874474,12.134758200838009,115.5629921707199
11.599999999999975,0.1,-0.8876617550849915,16.41561325527725,134.9007884321357,-0.5881044089220501,12.079279340869265,116.7764679908037
11.699999999999974,0.1,-0.9409670829772949,16.32684707976875,136.54234975766343,-0.6208496989004372,12.02046889997706,117.98439592489062
11.799999999999974,0.1,-0.9933595657348633,16.23275037147102,138.1750344656403,-0.6529921539747876,11.958383930087015,119.18644281488832
11.899999999999974,0.1,-1.0447874069213867,16.133414414897533,139.7983095027874,-0.6845000534225484,11.893084714689536,120.38228120789702
11.999999999999973,0.1,-1.0952000617980957,16.028935674205396,141.41165094427714,-0.7153423027509593,11.824634709347281,121.57158967936597
12.099999999999973,0.1,-1.144547700881958,15.919415668025588,143.01454451169766,-0.7454884643835635,11.753100479072184,122.75405315030069
12.199999999999973,0.1,-1.1927815675735474,15.804960897937391,144.6064860785002,-0.7749087876984194,11.678551632633829,123.92936319820791
12.299999999999972,0.1,-1.239854097366333,15.685682741180036,146.18698216829395,-0.8035742383883745,11.601060753863987,125.09721836147129
12.399999999999972,0.1,-1.2857187986373901,15.561697331443403,147.75555044241196,-0.8314565271144186,11.52070333002515,126.25732443685769
12.499999999999972,0.1,-1.330330491065979,15.433125451579665,149.3117201755563,-0.8585281374238494,11.437557677313707,127.4093947698602
12.599999999999971,0.1,-1.3736450672149658,15.300092402473068,150.85503272071426,-0.8847623529056863,11.351704863571323,128.55315053759156
12.69999999999997,0.1,-1.4156197309494019,15.162727895751571,152.38504196096156,-0.910133283556544,11.263228628280755,129.6883210239487
12.79999999999997,0.1,-1.456213355064392,15.021165922656632,153.9013147505367,-0.9346158913309397,11.172215299925101,130.81464388677676
12.89999999999997,0.1,-1.4953855276107788,14.875544587150193,155.40343134280235,-0.9581860148508212,11.078753710792007,131.93186541676928
12.99999999999997,0.1,-1.5330976247787476,14.726006034389115,156.89098580151736,-0.9808203932499299,10.982935109306926,133.03974078784847
13.09999999999997,0.1,-1.5693126916885376,14.57269627191124,158.36358640495627,-1.0024966891294673,10.884853069981933,134.13803429877916
13.199999999999969,0.1,-1.6039947271347046,14.415765002742388,159.8208560321474,-1.0231935106024115,10.784603401068987,135.22651960577736
13.299999999999969,0.1,-1.637109637260437,14.255365530028918,161.26243253242163,-1.0428904324047266,10.682284050008747,136.30497994588424
13.399999999999968,0.1,-1.668624758720398,14.091654566302875,162.68796908542453,-1.0615680160526306,10.577995006768274,137.3732083508851
13.499999999999968,0.1,-1.698508858680725,13.924792090430836,164.09713454205482,-1.079207829026036,10.471838205163012,138.43100785156193
13.599999999999968,0.1,-1.7267324924468994,13.754941204562764,165.4896137510979,-1.0957924629592182,10.363917422260409,139.47819167207822
13.699999999999967,0.1,-1.7532678842544556,13.582267955318075,166.86510787155416,-1.1113055508207723,10.254338175964488,140.51458341430427
13.799999999999967,0.1,-1.778088927268982,13.406941166892631,168.22333466708596,-1.125731783065897,10.14320762088241,141.54001723190072
13.899999999999967,0.1,-1.8011709451675415,13.229132274165734,169.56402878377523,-1.1390569227450662,10.03063444257582,142.55433799398895
13.999999999999966,0.1,-1.8224910497665405,13.04901517964898,170.8869420111918,-1.1512678195541801,9.916728750301314,143.55740143824653
14.099999999999966,0.1,-1.8420284986495972,12.866766074672327,172.1918435291567,-1.1623524228123279,9.801601968345896,144.54907431327666
14.199999999999966,0.1,-1.8597639799118042,12.682563224807367,173.47852013662393,-1.172299793354354,9.685366726064663,145.52923451011125
14.299999999999965,0.1,-1.875679612159729,12.496586826816188,174.74677645910467,-1.1811001143264939,9.568136746729229,146.4977711827177
14.399999999999965,0.1,-1.8897602558135986,12.309018865600216,175.9964351417863,-1.1887447008744239,9.45002673529658,147.45458485739064
14.499999999999964,0.1,-1.9019914865493774,12.120042840018856,177.2273370283463,-1.195226008714163,9.331152265209138,148.3995875309203
14.599999999999964,0.1,-1.9123615026474,11.929843691363919,178.4393413123482,-1.2005376415773716,9.211629664337721,149.33270275744118
14.699999999999964,0.1,-1.9208602905273438,11.73860754109918,179.6323256814846,-1.2046743575236947,9.091575900179985,150.25386572387495
14.799999999999963,0.1,-1.9274790287017822,11.546521512046446,180.8061864355945,-1.207632074113925,8.971108464427616,151.16302331389295
14.899999999999963,0.1,-1.9322112798690796,11.353773609176269,181.96083858679913,-1.2094078724388773,8.850345257016224,152.0601341603357
14.999999999999963,0.1,-1.935052752494812,11.160552481189361,183.09621594771676,-1.21,8.729404469772337,152.94516868603733
15.099999999999962,0.1,-1.936000108718872,10.967047205939881,184.21227119583568,-1.2094078724388784,8.608404469772337,153.81810913301456
15.199999999999962,0.1,-1.935052752494812,10.773447195067995,185.30897591642966,-1.2076320741139268,8.48746368252845,154.67894957999178
15.299999999999962,0.1,-1.9322112798690796,10.579941919818515,186.38632063593644,-1.2046743575236973,8.366700475117057,155.52769594824463
15.399999999999961,0.1,-1.9274790287017822,10.386720791831607,187.44431482791828,-1.2005376415773752,8.246233039364688,156.36436599575632
15.499999999999961,0.1,-1.9208602905273438,10.19397288896143,188.48298690710143,-1.1952260087141675,8.126179275206951,157.1889892996928
15.59999999999996,0.1,-1.9123615026474,10.001886859908696,189.50238419599756,-1.1887447008744292,8.006656674335535,158.0016072272135
15.69999999999996,0.1,-1.9019914865493774,9.810650709643957,190.50257288198844,-1.1811001143265003,7.887782204248092,158.80227289464705
15.79999999999996,0.1,-1.8897602558135986,9.62045156098902,191.48363795295285,-1.1722997933543613,7.769672192815443,159.59105111507185
15.89999999999996,0.1,-1.875679612159729,9.43147553540766,192.44568310905174,-1.162352422812336,7.652442213480007,160.3680183343534
15.99999999999996,0.1,-1.8597639799118042,9.243907574191688,193.3888306625925,-1.151267819554189,7.536206971198774,161.13326255570138
16.09999999999996,0.1,-1.8420284986495972,9.057931176200508,194.31322142001167,-1.1390569227450758,7.421080189243355,161.88688325282126
16.19999999999996,0.1,-1.8224910497665405,8.873728326335547,195.21901453763172,-1.1257317830659075,7.307174496968846,162.6289912717456
16.29999999999996,0.1,-1.8011709451675415,8.69147922135889,196.10638737026528,-1.1113055508207832,7.194601318662254,163.3597087214425
16.399999999999963,0.1,-1.778088927268982,8.511362126842133,196.9755352924012,-1.0957924629592293,7.083470763580174,164.07916885330874
16.499999999999964,0.1,-1.7532678842544556,8.333553234115232,197.82667150508541,-1.0792078290260478,6.97389151728425,164.78751592966677
16.599999999999966,0.1,-1.7267324924468994,8.158226445689785,198.66002682849694,-1.0615680160526426,6.865970734381644,165.4849050813952
16.699999999999967,0.1,-1.698508858680725,7.9855531964450925,199.47584947306592,-1.0428904324047386,6.759813932776378,166.17150215483338
16.79999999999997,0.1,-1.668624758720398,7.815702310577017,200.27440479271044,-1.0231935106024241,6.6555248895359025,166.84748354811103
16.89999999999997,0.1,-1.637109637260437,7.648839834704975,201.05597502376816,-1.0024966891294809,6.553205538475659,167.51303603706464
16.99999999999997,0.1,-1.6039947271347046,7.485128870978929,201.82085900723865,-0.9808203932499433,6.452955869562709,168.16835659091223
17.099999999999973,0.1,-1.5693126916885376,7.324729398265457,202.56937189433657,-0.9581860148508345,6.354873830237714,168.8136521778685
17.199999999999974,0.1,-1.5330976247787476,7.1677981290966,203.30184483416312,-0.9346158913309536,6.259055228752628,169.4491395608923
17.299999999999976,0.1,-1.4953855276107788,7.014488366618724,204.01862464707278,-0.9101332835565576,6.165593639619532,170.07504508376758
17.399999999999977,0.1,-1.456213355064392,6.864949813857644,204.72007348373467,-0.8847623529056997,6.074580311263875,170.69160444772953
17.49999999999998,0.1,-1.4156197309494019,6.719328478351202,205.40656846512044,-0.8585281374238632,5.986104075973304,171.29906247885592
17.59999999999998,0.1,-1.3736450672149658,6.57776650525626,206.07850131295558,-0.8314565271144322,5.900251262230917,171.89767288645325
17.69999999999998,0.1,-1.330330491065979,6.440401998534762,206.73627796348123,-0.8035742383883875,5.817105609519473,172.48769801267636
17.799999999999983,0.1,-1.2857187986373901,6.307368949428162,207.38031816333472,-0.7749087876984325,5.736748185680633,173.06940857362832
17.899999999999984,0.1,-1.239854097366333,6.178797069564421,208.01105505827755,-0.7454884643835769,5.6592573069107885,173.6430833921964
17.999999999999986,0.1,-1.1927815675735474,6.054811659827786,208.628934765234,-0.7153423027509723,5.58470846047243,174.20900912288747
18.099999999999987,0.1,-1.144547700881958,5.935533503070429,209.23441593121677,-0.6845000534225607,5.513174230197332,174.7674799689347
18.19999999999999,0.1,-1.0952000617980957,5.821078732982232,209.82796928152382,-0.6529921539748001,5.444724224855075,175.31879739195446
18.29999999999999,0.1,-1.0447874069213867,5.711558726802421,210.41007715482206,-0.620849698900449,5.379425009457594,175.86326981443997
18.39999999999999,0.1,-0.9933595657348633,5.607079986110281,210.9812330275023,-0.5881044089220612,5.317340039567548,176.40121231538575
18.499999999999993,0.1,-0.9409670829772949,5.507744029536793,211.54194102611334,-0.5547885996874592,5.2585295986753415,176.9329463193425
18.599999999999994,0.1,-0.8876617550849915,5.413647321239062,212.09271542906703,-0.5209351498780895,5.203050738706595,177.45879927921004
18.699999999999996,0.1,-0.8334962725639343,5.324881145730561,212.63408016119095,-0.48657746876173835,5.150957223718785,177.97910435308071
18.799999999999997,0.1,-0.7785239815711975,5.241531518474167,213.166568275764,-0.4517494632216144,5.10229947684261,178.4942000754526
18.9,0.1,-0.7227991819381714,5.163679120317046,213.69072142761144,-0.4164855042943507,5.057124530520448,179.00443002313688
19.0,0.1,-0.6663768291473389,5.091399202123228,214.20708933964315,-0.38082039324993716,5.015475980091012,179.51014247618892
19.1,0.1,-0.6093126535415649,5.024761519208494,214.71622925985548,-0.3447893272470745,4.977393940766018,180.01169007419801
19.200000000000003,0.1,-0.5516629219055176,4.963830253854336,215.21870541177634,-0.3084278645978254,4.94291500804131,180.50942946827462
19.300000000000004,0.1,-0.49348458647727966,4.908663961663784,215.71508843716177,-0.27177188967584986,4.912072221581527,181.00372096907876
19.400000000000006,0.1,-0.4348350167274475,4.859315503016055,216.20595483332815,-0.23485757750286754,4.884895032613941,181.4949281912369
19.500000000000007,0.1,-0.3757721185684204,4.81583200134331,216.69188638362976,-0.19772135804827418,4.861409274863654,181.9834176944983
19.60000000000001,0.1,-0.3163541853427887,4.778254789486467,217.1734695837641,-0.16039988027716243,4.841637139058826,182.46955862198467
19.70000000000001,0.1,-0.2566398084163666,4.746619370952187,217.65129506271276,-0.12292997598221363,4.8255971510311095,182.95372233589057
19.80000000000001,0.1,-0.1966879665851593,4.72095539011055,218.12595699980798,-0.08534862343517166,4.813304153432888,183.4362820509937
19.900000000000013,0.1,-0.13655780255794525,4.701286593452034,218.59805253881905,-0.047692910893749774,4.804769291089371,183.917612466337
20.000000000000014,0.1,-0.07630866020917892,4.687630813196239,219.06818119816427,-0.009999999999994964,4.799999999999995,184.39808939544594
20.100000000000016,0.1,-0.01600000075995922,4.679999947175321,219.5369442794839,0.02769291089375983,4.798999999999996,184.87808939544595
20.200000000000017,0.1,0.04430865868926048,4.678399947099325,220.00494427420142,0.06534862343518172,4.801769291089372,185.35798939544597
20.30000000000002,0.1,0.10455780476331711,4.682830812968251,220.47278426891137,0.10292997598222367,4.808304153432891,185.83816632455492
20.40000000000002,0.1,0.16468797624111176,4.693286593444583,220.9410673502082,0.1403998802771724,4.818597151031113,186.3189967398982
20.50000000000002,0.1,0.22463980317115784,4.709755391068694,221.41039600955264,0.17772135804828515,4.832637139058831,186.80085645500134
20.600000000000023,0.1,0.28435418009757996,4.732219371385811,221.88137154865953,0.2148575775028774,4.85040927486366,187.28412016890724
20.700000000000024,0.1,0.34377214312553406,4.760654789395569,222.35459348579812,0.2517718896758597,4.871895032613947,187.76916109639362
20.800000000000026,0.1,0.40283504128456116,4.795032003708123,222.8306589647377,0.28842786459783515,4.897072221581534,188.256350599655
20.900000000000027,0.1,0.4614845812320709,4.8353155078365795,223.31016216510852,0.32478932724708426,4.925915008041318,188.74605782181317
21.00000000000003,0.1,0.5196629166603088,4.881463965959787,223.79369371589218,0.3608203932499467,4.958393940766027,189.2386493226173
21.10000000000003,0.1,0.5773126482963562,4.933430257625819,224.28184011248817,0.39648550429436014,4.994475980091022,189.7344887166939
21.20000000000003,0.1,0.6343768239021301,4.991161522455456,224.77518313825075,0.4317494632216237,5.034124530520459,190.23393631470302
21.300000000000033,0.1,0.6907991766929626,5.05459920484567,225.27429929049632,0.46657746876174755,5.077299476842622,190.73734876775507
21.400000000000034,0.1,0.7465239763259888,5.123679122514967,225.7797592109809,0.5009351498780986,5.123957223718798,191.24507871543935
21.500000000000036,0.1,0.8014962077140808,5.198331520147567,226.2921271232324,0.5347885996874682,5.174050738706609,191.75747443781123
21.600000000000037,0.1,0.8556618094444275,5.278481140918976,226.81196027524717,0.5681044089220699,5.227529598675357,192.2748795116819
21.70000000000004,0.1,0.9089670181274414,5.364047321863421,227.33980838933908,0.6008496989004577,5.284340039567565,192.79763247154943
21.80000000000004,0.1,0.9613595008850098,5.454944023676166,227.87621312152544,0.6329921539748086,5.344425009457611,193.3260664755062
21.90000000000004,0.1,1.0127874612808228,5.5510799737646686,228.42170752389308,0.6645000534225689,5.407724224855093,193.86050897645197
22.000000000000043,0.1,1.0632001161575317,5.652358719892752,228.97681552126954,0.6953423027509804,5.474174230197351,194.40128139893747
22.100000000000044,0.1,1.112547755241394,5.758678731508507,229.54205139325882,0.7254884643835848,5.54370846047245,194.9486988219572
22.200000000000045,0.1,1.1607816219329834,5.8699335070326475,230.11791926640967,0.7549087876984402,5.61625730691081,195.50306966800446
22.300000000000047,0.1,1.207854151725769,5.986011669225947,230.70491261711294,0.7835742383883951,5.691748185680654,196.06469539869553
22.40000000000005,0.1,1.2537187337875366,6.106797084398526,231.30351378403554,0.8114565271144395,5.770105609519495,196.63387021726362
22.50000000000005,0.1,1.2983304262161255,6.232168957777281,231.91419349247542,0.8385281374238703,5.8512512622309405,197.21088077821557
22.60000000000005,0.1,1.3416451215744019,6.3620020003988955,232.53741038825316,0.8647623529057066,5.935104075973329,197.79600590443866
22.700000000000053,0.1,1.383619785308838,6.4961665125563375,233.17361058829306,0.8901332835565643,6.021580311263901,198.389516312036
22.800000000000054,0.1,1.4242132902145386,6.634528491087223,233.82322723954871,0.91461589133096,6.110593639619559,198.9916743431624
22.900000000000055,0.1,1.4633854627609253,6.776949820108679,234.48668008865744,0.9381860148508407,6.2020552287526565,199.60273370712437
23.000000000000057,0.1,1.501097559928894,6.9232883663847735,235.1643750706683,0.9608203932499492,6.295873830237742,200.22293922999964
23.10000000000006,0.1,1.537312626838684,7.073398122377665,235.8567039073068,0.9824966891294864,6.3919558695627385,200.85252661302343
23.20000000000006,0.1,1.571994662284851,7.227129385061536,236.56404371954457,1.0031935106024301,6.4902055384756885,201.4917221999797
23.30000000000006,0.1,1.6051095724105835,7.384328851290023,237.28675665805073,1.0228904324047439,6.590524889535933,202.14074275382728
23.400000000000063,0.1,1.6366246938705444,7.544839808531084,238.02518954317975,1.0415680160526475,6.692813932776409,202.79979524278087
23.500000000000064,0.1,1.6665089130401611,7.708502277918141,238.77967352403286,1.0592078290260523,6.796970734381675,203.46907663605853
23.600000000000065,0.1,1.6947325468063354,7.87515316922216,239.55052375182467,1.0757924629592335,6.902891517284282,204.1487737094967
23.700000000000067,0.1,1.7212679386138916,8.044626423902796,240.3380390687469,1.0913055508207872,7.010470763580208,204.83906286122516
23.800000000000068,0.1,1.7460888624191284,8.216753217764188,241.1425017111372,1.105731783065911,7.119601318662288,205.5401099375832
23.90000000000007,0.1,1.7691707611083984,8.391362104006102,241.96417703291362,1.119056922745079,7.230174496968881,206.25207006944945
24.00000000000007,0.1,1.7904911041259766,8.568279180116944,242.80331324331425,1.1312678195541923,7.342080189243391,206.97508751914634
24.100000000000072,0.1,1.8100284337997437,8.747328290529545,243.66014116132595,1.1423524228123392,7.455206971198812,207.7092955380707
24.200000000000074,0.1,1.8277639150619507,8.928331133909522,244.5348739903789,1.1522997933543644,7.569442213480047,208.4548162351906
24.300000000000075,0.1,1.843679666519165,9.111107525415719,245.42770710376988,1.161100114326503,7.684672192815485,209.21176045653863
24.400000000000077,0.1,1.8577603101730347,9.295475492067638,246.33881785631146,1.1687447008744318,7.800782204248137,209.98022767582017
24.500000000000078,0.1,1.8699915409088135,9.481251523084945,247.26836540551824,1.1752260087141697,7.917656674335582,210.760305896245
24.60000000000008,0.1,1.880361557006836,9.668250677175829,248.21649055782675,1.180537641577377,8.035179275207001,211.55207156367857
24.70000000000008,0.1,1.8888603448867798,9.856286832876515,249.18331562554434,1.1846743575236987,8.153233039364741,212.35558949119928
24.800000000000082,0.1,1.8954790830612183,10.045172867365196,250.168944308832,1.187632074113928,8.271700475117113,213.17091279513576
24.900000000000084,0.1,1.9002113342285156,10.23472077567132,251.17346159556854,1.1894078724388788,8.390463682528507,213.99808284264748
25.000000000000085,0.1,1.903052568435669,10.424741909094175,252.19693367313567,1.19,8.509404469772397,214.83712921090034
25.100000000000087,0.1,1.904000163078308,10.615047165937744,253.23940786404512,1.1894078724388768,8.628404469772398,215.6880696578776
25.200000000000088,0.1,1.903052568435669,10.805447182245578,254.3009125806389,1.1876320741139237,8.747345257016288,216.55091010485486
25.30000000000009,0.1,1.9002113342285156,10.995752439089147,255.3814572988635,1.1846743575236929,8.866108464427683,217.42564463055652
25.40000000000009,0.1,1.8954790830612183,11.185773572512002,256.4810325427724,1.1805376415773692,8.984575900180054,218.3122554769993
25.500000000000092,0.1,1.8888603448867798,11.375321480818126,257.59960990002367,1.1752260087141597,9.102629664337792,219.2107130670173
25.600000000000094,0.1,1.880361557006836,11.564207515306807,258.7371420481055,1.1687447008744198,9.22015226520921,220.12097603345111
25.700000000000095,0.1,1.8699915409088135,11.752243671007493,259.8935627996362,1.161100114326489,9.337026735296654,221.04299125997204
25.800000000000097,0.1,1.8577603101730347,11.939242825098377,261.06878716673697,1.1522997933543484,9.453136746729305,221.9766939335017
25.900000000000098,0.1,1.843679666519165,12.125018856115684,262.2627114492468,1.1423524228123216,9.568366726064742,222.92200760817465
26.0000000000001,0.1,1.8277639150619507,12.309386822767603,263.4752133348584,1.1312678195541725,9.682601968345976,223.87884428078115
26.1000000000001,0.1,1.8100284337997437,12.4921632142738,264.70615201713514,1.1190569227450577,9.795728750301395,224.84710447761577
26.200000000000102,0.1,1.7904911041259766,12.673166057653777,265.95536833856255,1.105731783065888,9.907634442575903,225.82667735264593
26.300000000000104,0.1,1.7691707611083984,12.852215168066378,267.22268494432797,1.0913055508207616,10.018207620882492,226.81744079690353
26.400000000000105,0.1,1.7460888624191284,13.02913224417722,268.5079064611346,1.0757924629592066,10.12733817596457,227.8192615589918
26.500000000000107,0.1,1.7212679386138916,13.203741130419134,269.81081968555236,1.0592078290260236,10.234917422260493,228.83199537658828
26.600000000000108,0.1,1.6947325468063354,13.375867924280525,271.13119379859427,1.0415680160526166,10.340838205163097,229.85548711881435
26.70000000000011,0.1,1.6665089130401611,13.545341178961161,272.4687805910223,1.0228904324047114,10.44499500676836,230.88957093933067
26.80000000000011,0.1,1.6366246938705444,13.711992070265179,273.8233147089185,1.0031935106023964,10.547284050008834,231.93407044000753
26.900000000000112,0.1,1.6051095724105835,13.875654539652237,275.19451391594504,0.9824966891294503,10.647603401069075,232.98879884500843
27.000000000000114,0.1,1.571994662284851,14.036165496893297,276.5820793699103,0.960820393249912,10.745853069982022,234.05355918511535
27.100000000000115,0.1,1.537312626838684,14.193364963121784,277.9856959195996,0.9381860148508026,10.841935109307014,235.12814449211356
27.200000000000117,0.1,1.501097559928894,14.347096225805654,279.4050324159118,0.914615891330919,10.935753710792095,236.21233800304427
27.300000000000118,0.1,1.4633854627609253,14.497205981798546,280.83974203849243,0.8901332835565225,11.027215299925189,237.3059133741235
27.40000000000012,0.1,1.4242132902145386,14.64354452807464,282.2894626366723,0.8647623529056625,11.116228628280842,238.408634904116
27.50000000000012,0.1,1.383619785308838,14.785965857096096,283.75381708947975,0.8385281374238248,11.202704863571409,239.52025776694413
27.600000000000122,0.1,1.3416451215744019,14.924327835626983,285.2324136751894,0.8114565271143934,11.286557677313793,240.64052825330128
27.700000000000124,0.1,1.2983304262161255,15.058492347784425,286.7248464587521,0.7835742383883468,11.367703330025233,241.7691840210327
27.800000000000125,0.1,1.2537187337875366,15.188325390406039,288.23069569353055,0.7549087876983914,11.446060753864069,242.90595435403523
27.900000000000126,0.1,1.207854151725769,15.313697263784794,289.74952823257115,0.7254884643835349,11.521551632633908,244.05056042942167
28.000000000000128,0.1,1.1607816219329834,15.434482678957373,291.28089795894965,0.6953423027509285,11.594100479072264,245.20271559268508
28.10000000000013,0.1,1.112547755241394,15.550560841150673,292.8243462268454,0.6645000534225167,11.663634709347358,246.36212564059232
28.20000000000013,0.1,1.0632001161575317,15.661815616674815,294.37940231096053,0.6329921539747552,11.73008471468961,247.52848911152708
28.300000000000132,0.1,1.0127874612808228,15.768135628290569,295.94558387262805,0.6008496989004024,11.793383930087087,248.70149758299607
28.400000000000134,0.1,0.9613595008850098,15.869414374418653,297.52239743545715,0.5681044089220146,11.853468899977129,249.8808359760048
28.500000000000135,0.1,0.9089670181274414,15.965550324507156,299.10933887289906,0.5347885996874119,11.91027934086933,251.06618286600252
28.600000000000136,0.1,0.8556618094444275,16.0564470263199,300.7058939053498,0.5009351498780404,11.963758200838072,252.25721080008947
28.700000000000138,0.1,0.8014962077140808,16.142013207264345,302.3115386079818,0.46657746876168954,12.013851715825876,253.4535866201733
28.80000000000014,0.1,0.7465239763259888,16.222162828035753,303.92573992870825,0.431749463221566,12.060509462702045,254.6549717917559
28.90000000000014,0.1,0.6907991766929626,16.296815225668354,305.54795621151186,0.39648550429429974,12.103684409024202,255.86102273802612
29.000000000000142,0.1,0.6343768239021301,16.36589514333765,307.1776377340787,0.36082039324988663,12.143332959453632,257.07139117892854
29.100000000000144,0.1,0.5773126482963562,16.42933282572786,308.81422724841246,0.32478932724702453,12.179414998778622,258.2857244748739
29.200000000000145,0.1,0.5196629166603088,16.4870640905575,310.4571605309853,0.28842786459777287,12.211893931503324,259.5036659747518
29.300000000000146,0.1,0.4614845812320709,16.53903038222353,312.10586694004104,0.251771889675798,12.240736717963102,260.72485536790214
29.400000000000148,0.1,0.40283504128456116,16.58517884034674,313.7597699782634,0.21485757750281428,12.265913906930683,261.94892903969844
29.50000000000015,0.1,0.34377214312553406,16.625462344475196,315.41828786229814,0.17772135804822167,12.287399664680965,263.17552043039154
29.60000000000015,0.1,0.28435418009757996,16.65983955878775,317.08083409674566,0.14039988027710967,12.305171800485788,264.4042603968597
29.700000000000152,0.1,0.22463980317115784,16.68827497679751,318.74681805262446,0.10292997598215968,12.319211788513499,265.6347775769083
29.800000000000153,0.1,0.16468797624111176,16.710738957114625,320.41564555030425,0.06534862343511863,12.329504786111714,266.86669875575967
29.900000000000155,0.1,0.10455780476331711,16.727207754738735,322.0867194460157,0.027692910893696653,12.336039648455227,268.0996492343709
30.000000000000156,0.1,0.04430865868926048,16.737663535215066,323.7594402214896,-0.010000000000059244,12.338808939544597,269.3332531992164
30.100000000000158,0.1,-0.01600000075995922,16.742094401083992,325.4332065750112,-0.04769291089381295,12.33780893954459,270.56713409317086
30.20000000000016,0.1,-0.07630866020917892,16.740494401007997,327.1074160151196,-0.08534862343523475,12.333039648455209,271.80091498712534
30.30000000000016,0.1,-0.13655780255794525,16.73286353498708,328.7814654552204,-0.12292997598227763,12.324504786111685,273.0342189519709
30.400000000000162,0.1,-0.1966879665851593,16.719207754731283,330.45475180871915,-0.16039988027722513,12.312211788513457,274.2666694305821
30.500000000000163,0.1,-0.2566398084163666,16.69953895807277,332.1266725841923,-0.1977213580483366,12.296171800485734,275.49789060943345
30.600000000000165,0.1,-0.3163541853427887,16.67387497723113,333.7966264799996,-0.23485757750293068,12.2763996646809,276.72750778948205
30.700000000000166,0.1,-0.3757721185684204,16.64223955869685,335.46401397772274,-0.27177188967591154,12.252913906930607,277.9551477559502
30.800000000000168,0.1,-0.4348350167274475,16.60466234684001,337.12823793359246,-0.3084278645978856,12.225736717963015,279.18043914664327
30.90000000000017,0.1,-0.49348458647727966,16.561178845167262,338.78870416827647,-0.3447893272471363,12.194893931503225,280.4030128184396
31.00000000000017,0.1,-0.5516629219055176,16.511830386519534,340.4448220527932,-0.3808203932499973,12.160414998778512,281.62250221158996
31.100000000000172,0.1,-0.6093126535415649,16.456664094328982,342.0960050914452,-0.41648550429441117,12.122332959453512,282.8385437114678
31.200000000000173,0.1,-0.6663768291473389,16.395732828974825,343.7416715008781,-0.4517494632216742,12.080684409024071,284.0507770074132
31.300000000000175,0.1,-0.7227991819381714,16.32909514606009,345.3812447837756,-0.48657746876179636,12.035509462701903,285.25884544831564
31.400000000000176,0.1,-0.7785239815711975,16.256815227866273,347.01415429838164,-0.5209351498781477,11.986851715825722,286.4623963945858
31.500000000000178,0.1,-0.8334962725639343,16.178962829709153,348.6398358211683,-0.5547885996875156,11.934758200837907,287.66108156616843
31.60000000000018,0.1,-0.8876617550849915,16.095613202452757,350.2577321041392,-0.5881044089221166,11.879279340869154,288.8545573862522
31.70000000000018,0.1,-0.9409670829772949,16.006847026944257,351.8672934243845,-0.6208496989005045,11.820468899976941,290.04248532033915
31.800000000000182,0.1,-0.9933595657348633,15.912750318646527,353.46797812707894,-0.6529921539748536,11.75838393008689,291.22453221033686
31.900000000000183,0.1,-1.0447874069213867,15.81341436207304,355.0592531589436,-0.6845000534226129,11.693084714689403,292.40037060334555
32.000000000000185,0.1,-1.0952000617980957,15.708935621380899,356.6405945951509,-0.7153423027510243,11.624634709347141,293.56967907481453
32.100000000000186,0.1,-1.144547700881958,15.599415615201089,358.211488157289,-0.7454884643836268,11.553100479072038,294.73214254574924
32.20000000000019,0.1,-1.1927815675735474,15.48496084511289,359.77142971880915,-0.7749087876984811,11.478551632633675,295.88745259365646
32.30000000000019,0.1,-1.239854097366333,15.365682688355534,361.3199258033205,-0.8035742383884358,11.401060753863826,297.03530775691985
32.40000000000019,0.1,-1.2857187986373901,15.241697278618899,362.85649407215607,-0.8314565271144783,11.320703330024982,298.1754138323063
32.50000000000019,0.1,-1.330330491065979,15.113125398755159,364.380663800018,-0.8585281374239072,11.237557677313532,299.3074841653088
32.60000000000019,0.1,-1.3736450672149658,14.98009234964856,365.8919763398935,-0.8847623529057437,11.15170486357114,300.43123993304016
32.700000000000195,0.1,-1.4156197309494019,14.842727842927061,367.3899855748584,-0.9101332835565994,11.063228628280564,301.5464104193973
32.800000000000196,0.1,-1.456213355064392,14.701165869832119,368.8742583591511,-0.9346158913309932,10.972215299924903,302.65273328222537
32.9000000000002,0.1,-1.4953855276107788,14.555544534325678,370.34437494613434,-0.9581860148508741,10.878753710791802,303.7499548122179
33.0000000000002,0.1,-1.5330976247787476,14.406005981564599,371.7999293995669,-0.9808203932499805,10.782935109306713,304.83783018329706
33.1000000000002,0.1,-1.5693126916885376,14.252696219086722,373.2405299977234,-1.0024966891295168,10.684853069981713,305.91612369422774
33.2000000000002,0.1,-1.6039947271347046,14.095764949917866,374.6657996196321,-1.0231935106024588,10.58460340106876,306.9846090012259
33.3000000000002,0.1,-1.637109637260437,13.935365477204394,376.0753761146239,-1.0428904324047708,10.482284050008513,308.0430693413328
33.400000000000205,0.1,-1.668624758720398,13.771654513478348,377.4689126623444,-1.0615680160526735,10.377995006768034,309.0912977463337
33.500000000000206,0.1,-1.698508858680725,13.604792037606305,378.8460781136923,-1.0792078290260765,10.271838205162764,310.1290972470105
33.60000000000021,0.1,-1.7267324924468994,13.434941151738231,380.2065573174529,-1.0957924629592561,10.163917422260155,311.15628106752683
33.70000000000021,0.1,-1.7532678842544556,13.262267902493539,381.55005143262673,-1.1113055508208087,10.054338175964228,312.17267280975284
33.80000000000021,0.1,-1.778088927268982,13.086941114068091,382.8762782228761,-1.1257317830659306,9.943207620882145,313.1781066273493
33.90000000000021,0.1,-1.8011709451675415,12.90913222134119,384.184972334283,-1.139056922745097,9.83063444257555,314.17242738943753
34.00000000000021,0.1,-1.8224910497665405,12.729015126824434,385.4758855564171,-1.1512678195542092,9.716728750301039,315.1554908336951
34.100000000000215,0.1,-1.8420284986495972,12.546766021847777,386.74878706909954,-1.162352422812354,9.601601968345616,316.1271637087252
34.200000000000216,0.1,-1.8597639799118042,12.362563171982815,388.00346367128435,-1.1722997933543773,9.48536672606438,317.0873239055598
34.30000000000022,0.1,-1.875679612159729,12.176586773991632,389.23971998848265,-1.1811001143265147,9.36813674672894,318.03586057816625
34.40000000000022,0.1,-1.8897602558135986,11.989018812775656,390.45737866588183,-1.1887447008744418,9.250026735296286,318.97267425283917
34.50000000000022,0.1,-1.9019914865493774,11.800042787194293,391.65628054715944,-1.195226008714178,9.13115226520884,319.89767692636883
34.60000000000022,0.1,-1.9123615026474,11.609843638539353,392.83628482587886,-1.2005376415773839,9.01162966433742,320.81079215288975
34.70000000000022,0.1,-1.9208602905273438,11.41860748827461,393.99726918973283,-1.2046743575237038,8.89157590017968,321.7119551193235
34.800000000000225,0.1,-1.9274790287017822,11.226521459221873,395.1391299385603,-1.2076320741139313,8.771108464427307,322.60111270934146
34.900000000000226,0.1,-1.9322112798690796,11.033773556351692,396.2617820844825,-1.2094078724388806,8.650345257015912,323.4782235557842
35.00000000000023,0.1,-1.935052752494812,10.84055242836478,397.3651594401177,-1.21,8.529404469772022,324.3432580814858
35.10000000000023,0.1,-1.936000108718872,10.647047153115297,398.44921468295416,-1.209407872438875,8.40840446977202,325.196198528463
35.20000000000023,0.1,-1.935052752494812,10.453447142243407,399.5139193982657,-1.2076320741139204,8.28746368252813,326.0370389754402
35.30000000000023,0.1,-1.9322112798690796,10.259941866993923,400.5592641124901,-1.2046743575236878,8.166700475116738,326.86578534369306
35.40000000000023,0.1,-1.9274790287017822,10.066720739007012,401.5852582991895,-1.2005376415773623,8.046233039364367,327.68245539120477
35.500000000000234,0.1,-1.9208602905273438,9.873972836136831,402.5919303730902,-1.1952260087141515,7.9261792752066285,328.48707869514124
35.600000000000236,0.1,-1.9123615026474,9.681886807084094,403.57932765670387,-1.1887447008744099,7.806656674335212,329.2796966226619
35.70000000000024,0.1,-1.9019914865493774,9.490650656819351,404.5475163374123,-1.1811001143264772,7.687782204247769,330.06036229009544
35.80000000000024,0.1,-1.8897602558135986,9.30045150816441,405.49658140309424,-1.172299793354335,7.56967219281512,330.82914051052023
35.90000000000024,0.1,-1.875679612159729,9.111475482583048,406.4266265539107,-1.1623524228123068,7.452442213479685,331.58610772980177
36.00000000000024,0.1,-1.8597639799118042,8.923907521367072,407.337774102169,-1.1512678195541561,7.336206971198453,332.33135195114977
36.10000000000024,0.1,-1.8420284986495972,8.737931123375889,408.23016485430577,-1.1390569227450398,7.221080189243036,333.06497264826965
36.200000000000244,0.1,-1.8224910497665405,8.553728273510927,409.10395796664335,-1.1257317830658682,7.107174496968531,333.78708066719395
36.300000000000246,0.1,-1.8011709451675415,8.37147916853427,409.95933079399447,-1.1113055508207406,6.9946013186619425,334.4977981168908
36.40000000000025,0.1,-1.778088927268982,8.191362074017514,410.7964787108479,-1.095792462959184,6.883470763579867,335.197258248757
36.50000000000025,0.1,-1.7532678842544556,8.013553181290613,411.61561491824966,-1.0792078290259997,6.773891517283947,335.885605325115
36.60000000000025,0.1,-1.7267324924468994,7.838226392865165,412.41697023637875,-1.0615680160525909,6.665970734381346,336.5629944768434
36.70000000000025,0.1,-1.698508858680725,7.665553143620473,413.2007928756653,-1.0428904324046846,6.559813932776085,337.22959155028155
36.80000000000025,0.1,-1.668624758720398,7.495702257752398,413.96734819002734,-1.0231935106023669,6.455524889535615,337.88557294355917
36.900000000000254,0.1,-1.637109637260437,7.3288397818803555,414.7169184158026,-1.0024966891294205,6.353205538475377,338.53112543251274
37.000000000000256,0.1,-1.6039947271347046,7.16512881815431,415.44980239399064,-0.9808203932498808,6.252955869562434,339.16644598636026
37.10000000000026,0.1,-1.5693126916885376,7.004729345440837,416.1663152758061,-0.9581860148507688,6.154873830237444,339.79174157331653
37.20000000000026,0.1,-1.5330976247787476,6.847798076271981,416.8667882103502,-0.9346158913308851,6.059055228752366,340.4072289563403
37.30000000000026,0.1,-1.4953855276107788,6.694488313794104,417.5515680179774,-0.9101332835564874,5.965593639619277,341.0131344792155
37.40000000000026,0.1,-1.456213355064392,6.544949761033024,418.22101684935683,-0.8847623529056262,5.874580311263626,341.60969384317747
37.50000000000026,0.1,-1.4156197309494019,6.3993284255265825,418.87551182546014,-0.8585281374237873,5.786104075973062,342.1971518743038
37.600000000000264,0.1,-1.3736450672149658,6.257766452431641,419.5154446680128,-0.8314565271143547,5.700251262230682,342.7757622819011
37.700000000000266,0.1,-1.330330491065979,6.120401945710142,420.1412213132559,-0.803574238388307,5.617105609519245,343.3457874081242
37.80000000000027,0.1,-1.2857187986373901,5.9873688966035425,420.75326150782695,-0.7749087876983506,5.5367481856804135,343.90749796907613
37.90000000000027,0.1,-1.239854097366333,5.858797016739802,421.3519983974873,-0.7454884643834929,5.459257306910577,344.46117278764416
38.00000000000027,0.1,-1.1927815675735474,5.7348116070031665,421.9378780991613,-0.7153423027508854,5.384708460472226,345.0070985183352
38.10000000000027,0.1,-1.144547700881958,5.61553345024581,422.51135925986165,-0.6845000534224728,5.313174230197137,345.54556936438246
38.20000000000027,0.1,-1.0952000617980957,5.501078680157613,423.07291260488626,-0.6529921539747103,5.244724224854889,346.0768867874022
38.300000000000274,0.1,-1.0447874069213867,5.391558673977801,423.623020472902,-0.6208496989003567,5.179425009457417,346.6013592098877
38.400000000000276,0.1,-0.9933595657348633,5.2870799332856615,424.16217634029977,-0.588104408921968,5.117340039567381,347.11930171083344
38.50000000000028,0.1,-0.9409670829772949,5.187743976712174,424.69088433362833,-0.5547885996873626,5.058529598675183,347.6310357147902
38.60000000000028,0.1,-0.8876617550849915,5.0936472684144425,425.20965873129956,-0.5209351498779924,5.003050738706446,348.1368886746577
38.70000000000028,0.1,-0.8334962725639343,5.004881092905942,425.719023458141,-0.4865774687616408,4.950957223718646,348.6371937485284
38.80000000000028,0.1,-0.7785239815711975,4.921531465649547,426.2195115674316,-0.4517494632215146,4.902299476842481,349.1322894709002
38.90000000000028,0.1,-0.7227991819381714,4.843679067492427,426.7116647139966,-0.41648550429424974,4.857124530520329,349.6225194185845
39.000000000000284,0.1,-0.6663768291473389,4.771399149298609,427.1960326207458,-0.3808203932498361,4.815475980090903,350.1082318716365
39.100000000000286,0.1,-0.6093126535415649,4.704761466383874,427.6731725356757,-0.3447893272469715,4.7773939407659185,350.58977946964563
39.20000000000029,0.1,-0.5516629219055176,4.643830201029717,428.1436486823141,-0.3084278645977214,4.742915008041221,351.0675188637222
39.30000000000029,0.1,-0.49348458647727966,4.588663908839164,428.60803170241707,-0.27177188967574617,4.712072221581448,351.5418103645264
39.40000000000029,0.1,-0.4348350167274475,4.5393154501914355,429.066898093301,-0.23485757750276207,4.684895032613873,352.01301758668455
39.50000000000029,0.1,-0.3757721185684204,4.49583194851869,429.52082963832015,-0.1977213580481692,4.661409274863597,352.4815070899459
39.60000000000029,0.1,-0.3163541853427887,4.458254736661847,429.970412833172,-0.16039988027705696,4.64163713905878,352.9476480174323
39.700000000000294,0.1,-0.2566398084163666,4.4266193181275675,430.41623830683824,-0.12292997598210677,4.625597151031074,353.41181173133816
39.800000000000296,0.1,-0.1966879665851593,4.4009553372859305,430.858900238651,-0.08534862343506558,4.613304153432863,353.8743714464413
39.9000000000003,0.1,-0.13655780255794525,4.381286540627414,431.2989957723796,-0.04769291089364354,4.604769291089356,354.33570186178457
40.0000000000003,0.1,-0.07630866020917892,4.367630760371619,431.73712442644234,-0.009999999999887611,4.599999999999992,354.7961787908935
40.1000000000003,0.1,-0.01600000075995922,4.359999894350701,432.1738875024795,0.027692910893866066,4.599000000000003,355.2561787908935
40.2000000000003,0.1,0.04430865868926048,4.358399894274705,432.60988749191455,0.0653486234352878,4.60176929108939,355.7160787908935
40.3000000000003,0.1,0.10455780476331711,4.362830760143631,433.045727481342,0.10292997598233054,4.608304153432919,356.1762557200025
40.400000000000304,0.1,0.16468797624111176,4.373286540619963,433.4820105573564,0.14039988027727784,4.618597151031152,356.6370861353458
40.500000000000306,0.1,0.22463980317115784,4.389755338244075,433.9193392114184,0.17772135804839118,4.63263713905888,357.0989458504489
40.60000000000031,0.1,0.28435418009757996,4.412219318561191,434.3583147452428,0.21485757750298284,4.650409274863719,357.5622095643548
40.70000000000031,0.1,0.34377214312553406,4.4406547365709494,434.79953667709896,0.2517718896759634,4.671895032614017,358.0272504918412
40.80000000000031,0.1,0.40283504128456116,4.475031950883503,435.24360215075603,0.2884278645979391,4.697072221581614,358.4944399951026
40.90000000000031,0.1,0.4614845812320709,4.51531545501196,435.6911053458444,0.3247893272471873,4.725915008041408,358.96414721726075
41.00000000000031,0.1,0.5196629166603088,4.561463913135167,436.1426368913456,0.36082039325004783,4.758393940766127,359.4367387180649
41.100000000000314,0.1,0.5773126482963562,4.613430204801199,436.5987832826591,0.3964855042944612,4.794475980091132,359.9125781121415
41.200000000000315,0.1,0.6343768239021301,4.671161469630836,437.0601263031392,0.43174946322172353,4.834124530520579,360.3920257101506
41.30000000000032,0.1,0.6907991766929626,4.73459915202105,437.5272424501023,0.4665774687618451,4.877299476842752,360.87543816320266
41.40000000000032,0.1,0.7465239763259888,4.8036790696903475,438.0007023653044,0.5009351498781958,4.923957223718937,361.36316811088693
41.50000000000032,0.1,0.8014962077140808,4.878331467322948,438.4810702722734,0.5347885996875629,4.974050738706757,361.8555638332588
41.60000000000032,0.1,0.8556618094444275,4.958481088094357,438.96890341900576,0.5681044089221632,5.027529598675514,362.35296890712954
41.70000000000032,0.1,0.9089670181274414,5.044047269038801,439.4647515278152,0.6008496989005502,5.084340039567731,362.8557218669971
41.800000000000324,0.1,0.9613595008850098,5.1349439708515465,439.9691562547191,0.6329921539748983,5.1444250094577875,363.3641558709539
41.900000000000325,0.1,1.0127874612808228,5.231079920940049,440.48265065180425,0.6645000534226568,5.207724224855278,363.87859837189967
42.00000000000033,0.1,1.0632001161575317,5.332358667068132,441.0057586438983,0.6953423027510672,5.274174230197545,364.3993707943852
42.10000000000033,0.1,1.112547755241394,5.438678678683887,441.5389945106051,0.7254884643836688,5.343708460472652,364.926788217405
42.20000000000033,0.1,1.1607816219329834,5.549933454208028,442.0828623784735,0.7549087876985238,5.41625730691102,365.46115906345227
42.30000000000033,0.1,1.207854151725769,5.6660116164013274,442.63785572389435,0.7835742383884755,5.491748185680874,366.0027847941434
42.40000000000033,0.1,1.2537187337875366,5.786797031573906,443.2044568855345,0.811456527114517,5.570105609519723,366.55195961271147
42.500000000000334,0.1,1.2983304262161255,5.912168904952662,443.7831365886919,0.8385281374239462,5.651251262231176,367.10897017366347
42.600000000000335,0.1,1.3416451215744019,6.042001947574276,444.37435347918716,0.8647623529057801,5.735104075973571,367.6740952998866
42.70000000000034,0.1,1.383619785308838,6.176166459731718,444.9785536739446,0.8901332835566346,5.82158031126415,368.24760570748396
42.80000000000034,0.1,1.4242132902145386,6.314528438262603,445.59617031991775,0.9146158913310285,5.910593639619815,368.8297637386104
42.90000000000034,0.1,1.4633854627609253,6.456949767284059,446.227623163744,0.9381860148509065,6.002055228752919,369.4208231025724
43.00000000000034,0.1,1.501097559928894,6.603288313560154,446.8733181404724,0.9608203932500117,6.095873830238011,370.0210286254477
43.10000000000034,0.1,1.537312626838684,6.753398069553046,447.53364697182843,0.9824966891295468,6.191955869563014,370.6306160084715
43.200000000000344,0.1,1.571994662284851,6.9071293322369165,448.20898677878375,1.0031935106024872,6.29020553847597,371.24981159542784
43.300000000000345,0.1,1.6051095724105835,7.064328798465404,448.8996997120075,1.0228904324047978,6.39052488953622,371.87883214927547
43.40000000000035,0.1,1.6366246938705444,7.224839755706465,449.606132591854,1.0415680160526992,6.492813932776701,372.5178846382291
43.50000000000035,0.1,1.6665089130401611,7.3885022250935215,450.32861656742466,1.0592078290261007,6.596970734381973,373.1671660315068
43.60000000000035,0.1,1.6947325468063354,7.55515311639754,451.06746678993403,1.0757924629592788,6.702891517284584,373.826863104945
43.70000000000035,0.1,1.7212679386138916,7.724626371078176,451.8229821015738,1.0913055508208298,6.810470763580514,374.4971522566735
43.80000000000035,0.1,1.7460888624191284,7.896753164939567,452.59544473868164,1.10573178306595,6.919601318662599,375.17819933303156
43.900000000000354,0.1,1.7691707611083984,8.071362051181483,453.3851200551756,1.119056922745115,7.030174496969195,375.8701594648978
44.000000000000355,0.1,1.7904911041259766,8.248279127292324,454.1922562602938,1.1312678195542254,7.142080189243709,376.57317691459474
44.10000000000036,0.1,1.8100284337997437,8.427328237704925,455.017084173023,1.1423524228123687,7.255206971199133,377.2873849335191
44.20000000000036,0.1,1.8277639150619507,8.608331081084902,455.85981699679354,1.152299793354391,7.369442213480371,378.012905630639
44.30000000000036,0.1,1.843679666519165,8.791107472591099,456.72065010490206,1.1611001143265263,7.484672192815812,378.74984985198705
44.40000000000036,0.1,1.8577603101730347,8.975475439243018,457.5997608521612,1.1687447008744516,7.600782204248466,379.4983170712686
44.50000000000036,0.1,1.8699915409088135,9.161251470260325,458.4973083960855,1.1752260087141866,7.717656674335912,380.2583952916935
44.600000000000364,0.1,1.880361557006836,9.34825062435121,459.4134335431115,1.1805376415773905,7.835179275207333,381.0301609591271
44.700000000000365,0.1,1.8888603448867798,9.536286780051896,460.3482586055467,1.1846743575237089,7.953233039365073,381.81367888664784
44.80000000000037,0.1,1.8954790830612183,9.725172814540576,461.3018872835519,1.1876320741139346,8.071700475117446,382.60900219058436
44.90000000000037,0.1,1.9002113342285156,9.9147207228467,462.27440456500597,1.1894078724388821,8.190463682528842,383.4161722380961
45.00000000000037,0.1,1.903052568435669,10.104741856269555,463.26587663729066,1.19,8.309404469772732,384.235218606349
45.10000000000037,0.1,1.904000163078308,10.295047113113124,464.2763508229176,1.1894078724388735,8.428404469772733,385.0661590533263
45.20000000000037,0.1,1.903052568435669,10.485447129420958,465.30585553422895,1.187632074113917,8.547345257016623,385.9089995003036
45.300000000000374,0.1,1.9002113342285156,10.675752386264527,466.35440024717104,1.1846743575236829,8.666108464428017,386.7637340260053
45.400000000000375,0.1,1.8954790830612183,10.865773519687382,467.42197548579753,1.1805376415773556,8.784575900180387,387.6303448724481
45.50000000000038,0.1,1.8888603448867798,11.055321427993507,468.5085528377663,1.175226008714143,8.902629664338125,388.5088024624662
45.60000000000038,0.1,1.880361557006836,11.244207462482187,469.6140849805656,1.1687447008744,9.020152265209541,389.39906542890003
45.70000000000038,0.1,1.8699915409088135,11.432243618182873,470.73850572681386,1.1611001143264656,9.137026735296983,390.301080655421
45.80000000000038,0.1,1.8577603101730347,11.619242772273758,471.88173008863214,1.1522997933543218,9.25313674672963,391.2147833289507
45.90000000000038,0.1,1.843679666519165,11.805018803291064,473.04365436585954,1.1423524228122912,9.368366726065064,392.1400970036237
46.000000000000384,0.1,1.8277639150619507,11.989386769942984,474.22415624618867,1.1312678195541397,9.482601968346295,393.0769336762302
46.100000000000385,0.1,1.8100284337997437,12.17216316144918,475.423094923183,1.1190569227450218,9.59572875030171,394.0251938730649
46.20000000000039,0.1,1.7904911041259766,12.353166004829157,476.6403112393279,1.105731783065848,9.707634442576214,394.98476674809507
46.30000000000039,0.1,1.7691707611083984,12.532215115241758,477.8756278398108,1.0913055508207194,9.8182076208828,395.9555301923527
46.40000000000039,0.1,1.7460888624191284,12.7091321913526,479.128849351335,1.0757924629591613,9.927338175964874,396.937350954441
46.50000000000039,0.1,1.7212679386138916,12.883741077594514,480.3997625704703,1.0592078290259743,10.034917422260792,397.9300847720375
46.60000000000039,0.1,1.6947325468063354,13.055867871455906,481.68813667822974,1.0415680160525653,10.14083820516339,398.9335765142636
46.700000000000394,0.1,1.6665089130401611,13.225341126136541,482.99372346537535,1.0228904324046575,10.244995006768649,399.94766033478
46.800000000000395,0.1,1.6366246938705444,13.39199201744056,484.316257577989,1.0031935106023382,10.347284050009117,400.97215983545686
46.9000000000004,0.1,1.6051095724105835,13.555654486827617,485.6554567797331,0.9824966891293905,10.447603401069353,402.0068882404578
47.0000000000004,0.1,1.571994662284851,13.716165444068677,487.01102222841587,0.9608203932498495,10.545853069982293,403.05164858056474
47.1000000000004,0.1,1.537312626838684,13.873364910297164,488.38263877282276,0.9381860148507362,10.64193510930728,404.106233887563
47.2000000000004,0.1,1.501097559928894,14.027096172981034,489.7699752638525,0.9146158913308513,10.735753710792356,405.17042739849376
47.3000000000004,0.1,1.4633854627609253,14.177205928973926,491.1726848811506,0.8901332835564522,10.827215299925442,406.244002769573
47.400000000000404,0.1,1.4242132902145386,14.32354447525002,492.590405474048,0.8647623529055898,10.916228628281088,407.32672429956557
47.500000000000405,0.1,1.383619785308838,14.465965804271477,494.022759921573,0.8385281374237497,11.002704863571648,408.4183471623937
47.600000000000406,0.1,1.3416451215744019,14.604327782802363,495.4693565020002,0.811456527114316,11.086557677314024,409.5186176487509
47.70000000000041,0.1,1.2983304262161255,14.738492294959805,496.9297892802805,0.7835742383882672,11.167703330025457,410.6272734164823
47.80000000000041,0.1,1.2537187337875366,14.86832533758142,498.4036385097765,0.7549087876983096,11.246060753864285,411.74404374948483
47.90000000000041,0.1,1.207854151725769,14.993697210960175,499.89047104353466,0.7254884643834492,11.321551632634117,412.8686498248713
48.00000000000041,0.1,1.1607816219329834,15.114482626132753,501.3898407646307,0.6953423027508424,11.394100479072463,414.0008049881347
48.10000000000041,0.1,1.112547755241394,15.230560788326054,502.901289027244,0.6645000534224288,11.463634709347549,415.140215036042
48.200000000000415,0.1,1.0632001161575317,15.341815563850195,504.4243451060766,0.6329921539746637,11.530084714689792,416.28657850697675
48.300000000000416,0.1,1.0127874612808228,15.44813557546595,505.9585266624616,0.6008496989003108,11.59338393008726,417.43958697844573
48.40000000000042,0.1,0.9613595008850098,15.549414321594034,507.5033402200082,0.5681044089219215,11.653468899977291,418.59892537145447
48.50000000000042,0.1,0.9089670181274414,15.645550271682536,509.05828165216764,0.5347885996873153,11.710279340869484,419.7642722614522
48.60000000000042,0.1,0.8556618094444275,15.736446973495282,510.62283667933593,0.5009351498779443,11.763758200838216,420.9353001955392
48.70000000000042,0.1,0.8014962077140808,15.822013154439725,512.1964813766855,0.466577468761592,11.813851715826011,422.111676015623
48.80000000000042,0.1,0.7465239763259888,15.902162775211135,513.7786826921295,0.4317494632214651,11.860509462702172,423.29306118720564
48.900000000000425,0.1,0.6907991766929626,15.976815172843734,515.3688989696506,0.39648550429419965,11.903684409024319,424.4791121334759
49.000000000000426,0.1,0.6343768239021301,16.04589509051303,516.966580486935,0.3608203932497855,11.94333295945374,425.6694805743783
49.10000000000043,0.1,0.5773126482963562,16.109332772903244,518.5711699959863,0.32478932724692045,11.979414998778719,426.8638138703237
49.20000000000043,0.1,0.5196629166603088,16.16706403773288,520.1821032732767,0.28842786459766995,12.011893931503412,428.06175537020164
49.30000000000043,0.1,0.4614845812320709,16.21903032939891,521.7988096770499,0.2517718896756943,12.04073671796318,429.262944763352
49.40000000000043,0.1,0.40283504128456116,16.26517878752212,523.4207127099899,0.21485757750270987,12.06591390693075,430.4670184351483
49.50000000000043,0.1,0.34377214312553406,16.305462291650578,525.0472305887421,0.1777213580481167,12.087399664681021,431.6736098258414
49.600000000000435,0.1,0.28435418009757996,16.33983950596313,526.6777768179072,0.14039988027700212,12.105171800485833,432.8823497923095
49.700000000000436,0.1,0.22463980317115784,16.36827492397289,528.3117607685035,0.10292997598205388,12.119211788513534,434.09286697235814
49.80000000000044,0.1,0.16468797624111176,16.390738904290007,529.9485882609008,0.06534862343501255,12.129504786111738,435.3047881512095
49.90000000000044,0.1,0.10455780476331711,16.407207701914118,531.5876621513298,0.027692910893588288,12.13603964845524,436.5177386298207
